CIK,Ticker,Year,Quarter,Total Revenue,Net Income,Operating Margin,EPS,Stock Price
1090872,A,2000,1,2485.0,166.0,8.61,0.37,62.53
1090872,A,2000,3,2670.0,155.0,7.87,0.34,29.42
1090872,A,2001,1,2841.0,154.0,9.82,0.34,18.48
1090872,A,2001,3,1806.0,-219.0,-18.93,-0.48,11.75
1090872,A,2002,1,1426.0,-315.0,-30.98,-0.68,21.02
1090872,A,2002,2,1457.0,-253.0,-23.93,-0.55,14.22
1090872,A,2002,3,1391.0,-228.0,-30.84,-0.49,7.85
1090872,A,2003,1,1412.0,-369.0,-18.12,-0.78,7.91
1090872,A,2003,2,1467.0,-146.0,-22.86,-0.31,11.75
1090872,A,2003,3,1502.0,-1556.0,-12.65,-3.28,13.29
1090872,A,2004,1,1643.0,71.0,4.81,0.15,19.02
1090872,A,2004,2,1831.0,104.0,6.06,0.22,17.6
1090872,A,2004,3,1885.0,100.0,5.68,0.21,12.97
1090872,A,2005,1,1658.0,103.0,5.73,0.21,13.35
1090872,A,2005,2,1688.0,95.0,4.86,0.19,13.84
1090872,A,2005,3,1688.0,104.0,5.28,0.21,19.69
1090872,A,2006,1,1336.0,2816.0,3.0,5.95,22.58
1090872,A,2006,2,1431.0,115.0,7.83,0.27,18.98
1090872,A,2006,3,1453.0,227.0,14.24,0.55,19.66
1090872,A,2007,1,1280.0,150.0,7.42,0.37,21.5
1090872,A,2007,2,1320.0,123.0,9.9,0.31,24.53
1090872,A,2007,3,1374.0,185.0,12.2,0.47,23.53
1090872,A,2008,1,1393.0,120.0,9.6,0.32,19.04
1090872,A,2008,2,1456.0,173.0,13.1,0.48,22.68
1090872,A,2008,3,1444.0,169.0,15.1,0.47,18.93
1090872,A,2009,1,1166.0,64.0,2.1,0.18,9.81
1090872,A,2009,2,1091.0,-101.0,-4.3,-0.29,12.96
1090872,A,2009,3,1057.0,-19.0,-0.09,-0.06,17.76
1090872,A,2010,1,1213.0,79.0,7.75,0.23,21.95
1090872,A,2010,2,1271.0,108.0,12.12,0.31,18.14
1090872,A,2010,3,1384.0,205.0,8.31,0.59,21.29
1090872,A,2011,1,1519.0,193.0,13.89,0.56,28.58
1090872,A,2011,2,1677.0,200.0,15.87,0.58,32.62
1090872,A,2011,3,1691.0,330.0,16.62,0.95,19.94
1090872,A,2012,1,1635.0,230.0,16.57,0.66,28.47
1090872,A,2012,2,1733.0,255.0,17.3,0.73,25.16
1090872,A,2012,3,1723.0,243.0,15.67,0.7,24.72
1090872,A,2013,1,1680.0,179.0,12.92,0.52,27.13
1090872,A,2013,2,1732.0,166.0,12.29,0.48,27.72
1090872,A,2013,3,1652.0,168.0,14.29,0.5,33.3
1090872,A,2014,1,1679.0,195.0,12.99,0.59,36.41
1090872,A,2014,2,1731.0,139.0,12.13,0.42,37.58
1090872,A,2014,3,1766.0,147.0,12.97,0.44,37.36
1090872,A,2015,1,1026.0,72.0,11.22,0.21,38.28
1090872,A,2015,2,963.0,83.0,11.12,0.25,35.63
1090872,A,2015,3,1014.0,103.0,14.22,0.31,31.8
1090872,A,2016,1,1028.0,123.0,15.08,0.37,37.01
1090872,A,2016,2,1019.0,91.0,12.85,0.28,41.43
1090872,A,2016,3,1044.0,124.0,14.0,0.38,44.09
1090872,A,2017,1,1067.0,168.0,19.31,0.52,49.76
1090872,A,2017,2,1102.0,164.0,18.24,0.51,55.95
1090872,A,2017,3,1114.0,175.0,18.03,0.55,60.56
1090872,A,2018,1,1211.0,-320.0,19.74,-0.99,63.38
1090872,A,2018,2,1206.0,205.0,17.83,0.64,58.72
1090872,A,2018,3,1203.0,236.0,18.69,0.74,67.14
1090872,A,2019,1,1284.0,504.0,19.46,1.58,76.86
1090872,A,2019,2,1238.0,182.0,17.46,0.57,71.54
1090872,A,2019,3,1274.0,191.0,17.65,0.61,73.74
1090872,A,2020,1,1357.0,197.0,15.84,0.64,69.24
1090872,A,2020,2,1238.0,101.0,8.24,0.33,85.62
1090872,A,2020,3,1261.0,199.0,18.25,0.64,97.79
1090872,A,2021,1,1548.0,288.0,21.19,0.94,123.6
1090872,A,2021,2,1525.0,216.0,18.89,0.71,143.91
1090872,A,2021,3,1586.0,264.0,21.19,0.87,153.58
1090872,A,2022,1,1674.0,283.0,22.47,0.94,129.34
1090872,A,2022,2,1607.0,274.0,22.39,0.92,116.27
1090872,A,2022,3,1718.0,329.0,23.93,1.1,119.2
1090872,A,2023,1,1756.0,352.0,24.27,1.19,136.11
1090872,A,2023,2,1717.0,302.0,22.3,1.02,118.73
1090872,A,2023,3,1672.0,111.0,7.95,0.38,110.4
1090872,A,2024,1,1658.0,348.0,23.15,1.19,144.2
1090872,A,2024,2,1573.0,308.0,23.09,1.05,128.67
1090872,A,2024,3,1578.0,282.0,21.1,0.97,147.66
1090872,A,2025,1,1681.0,318.0,22.37,1.12,116.73
6201,AAL,2005,3,5485.0,-153.0,0.71,-0.93,19.81
6201,AAL,2006,1,5344.0,-92.0,2.15,-0.49,37.71
6201,AAL,2006,2,5975.0,291.0,7.97,1.44,47.65
6201,AAL,2006,3,5847.0,15.0,4.85,0.07,41.79
6201,AAL,2007,1,5427.0,81.0,4.57,0.35,42.88
6201,AAL,2007,2,5879.0,317.0,7.94,1.28,28.54
6201,AAL,2007,3,5946.0,175.0,5.36,0.7,24.75
6201,AAL,2008,1,5697.0,-328.0,-3.28,-1.32,8.4
6201,AAL,2008,2,6179.0,-1448.0,-20.87,-5.77,2.36
6201,AAL,2008,3,6421.0,45.0,-3.36,0.17,5.68
6201,AAL,2009,1,4839.0,-375.0,-4.01,-1.35,2.39
6201,AAL,2009,2,4889.0,-390.0,-4.62,-1.39,2.29
6201,AAL,2009,3,5127.0,-359.0,-3.78,-1.26,4.43
6201,AAL,2010,1,5068.0,-505.0,-5.88,-1.52,6.93
6201,AAL,2010,2,5674.0,-11.0,3.45,-0.03,8.12
6201,AAL,2010,3,5842.0,143.0,5.85,0.43,8.72
6201,AAL,2011,1,5533.0,-436.0,-4.19,-1.31,8.21
6201,AAL,2011,2,6114.0,-286.0,-1.28,-0.85,8.4
6201,AAL,2011,3,6376.0,-162.0,0.61,-0.48,5.19
6201,AAL,2012,1,6037.0,-1660.0,-1.47,-4.95,7.16
6201,AAL,2012,2,6452.0,-241.0,2.2,-0.72,12.57
6201,AAL,2012,3,6429.0,-238.0,0.79,-0.71,9.86
6201,AAL,2013,1,6098.0,-341.0,0.85,-1.02,16.0
6201,AAL,2013,2,6449.0,220.0,7.58,0.65,15.48
6201,AAL,2013,3,6828.0,289.0,10.22,0.86,17.87
6201,AAL,2014,1,9995.0,480.0,7.3,0.66,34.5
6201,AAL,2014,2,11355.0,864.0,12.32,1.2,40.5
6201,AAL,2014,3,11139.0,942.0,11.31,1.31,33.53
6201,AAL,2015,1,9827.0,932.0,12.38,1.34,50.11
6201,AAL,2015,2,10827.0,1704.0,17.73,2.47,38.0
6201,AAL,2016,1,9435.0,700.0,14.15,1.15,39.3
6201,AAL,2016,2,10363.0,950.0,16.88,1.69,27.21
6201,AAL,2017,1,9624.0,234.0,6.25,0.46,40.97
6201,AAL,2017,2,11105.0,803.0,13.83,1.64,48.84
6201,AAL,2017,3,10878.0,624.0,11.32,1.29,46.19
6201,AAL,2018,1,10401.0,186.0,4.14,0.39,50.74
6201,AAL,2018,2,11643.0,566.0,8.83,1.22,37.16
6201,AAL,2018,3,11559.0,341.0,5.62,0.74,40.56
6201,AAL,2019,1,10584.0,185.0,3.55,0.41,31.34
6201,AAL,2019,2,11960.0,662.0,9.63,1.49,32.27
6201,AAL,2019,3,11911.0,425.0,6.79,0.96,26.78
6201,AAL,2020,2,1622.0,-2067.0,-153.11,-4.82,13.07
6201,AAL,2020,3,3173.0,-2399.0,-90.5,-4.71,12.29
6201,AAL,2021,1,4008.0,-1250.0,-32.81,-1.97,23.9
6201,AAL,2021,2,7478.0,19.0,5.9,0.03,21.21
6201,AAL,2021,3,8969.0,169.0,6.64,0.26,20.52
6201,AAL,2022,1,8899.0,-1635.0,-19.38,-2.52,18.25
6201,AAL,2022,2,13422.0,476.0,7.58,0.73,12.68
6201,AAL,2022,3,13462.0,483.0,6.91,0.74,12.04
6201,AAL,2023,2,14055.0,1338.0,15.39,2.05,17.94
6201,AAL,2023,3,13482.0,-545.0,-1.65,-0.83,12.81
6201,AAL,2024,1,12570.0,-312.0,0.06,-0.48,15.35
6201,AAL,2024,2,14334.0,717.0,9.65,1.09,11.33
6201,AAL,2024,3,13647.0,-149.0,0.65,-0.23,11.24
320193,AAPL,2000,3,1825.0,200.0,9.21,0.62,0.39
320193,AAPL,2001,1,1007.0,-195.0,-41.73,-0.58,0.33
320193,AAPL,2001,2,1475.0,61.0,2.1,0.17,0.35
320193,AAPL,2002,1,1375.0,38.0,-0.29,0.11,0.36
320193,AAPL,2002,3,1429.0,32.0,0.91,0.09,0.22
320193,AAPL,2003,1,1472.0,-8.0,-2.51,-0.02,0.21
320193,AAPL,2003,2,1545.0,19.0,0.58,0.05,0.29
320193,AAPL,2004,1,2006.0,63.0,3.69,0.17,0.41
320193,AAPL,2004,2,1909.0,46.0,2.72,0.13,0.49
320193,AAPL,2004,3,2014.0,61.0,3.57,0.16,0.58
320193,AAPL,2005,1,3490.0,295.0,11.55,0.75,1.25
320193,AAPL,2005,3,3520.0,320.0,12.13,0.39,1.61
320193,AAPL,2005,4,5749.0,565.0,13.04,0.68,2.16
320193,AAPL,2006,1,4359.0,410.0,12.14,0.49,1.89
320193,AAPL,2006,3,4370.0,472.0,12.95,0.55,2.32
320193,AAPL,2007,1,7115.0,1004.0,18.58,1.17,2.8
320193,AAPL,2007,3,5410.0,818.0,19.24,0.94,4.62
320193,AAPL,2008,1,9608.0,1581.0,22.12,1.81,4.32
320193,AAPL,2008,3,7464.0,1072.0,18.65,1.21,3.42
320193,AAPL,2009,1,10167.0,1605.0,20.91,1.81,3.16
320193,AAPL,2009,3,8337.0,1229.0,20.05,1.38,5.58
320193,AAPL,2009,4,15683.0,3378.0,30.11,3.74,6.34
320193,AAPL,2010,1,13499.0,3074.0,29.47,3.39,7.07
320193,AAPL,2010,2,15700.0,3253.0,26.98,3.57,7.57
320193,AAPL,2011,1,26741.0,6004.0,29.26,6.53,10.49
320193,AAPL,2011,2,28571.0,7308.0,32.83,7.89,10.1
320193,AAPL,2012,1,46333.0,13064.0,37.43,14.03,18.04
320193,AAPL,2012,2,35023.0,8824.0,33.06,9.42,17.57
320193,AAPL,2013,1,54512.0,13078.0,31.57,13.93,13.52
320193,AAPL,2013,3,35323.0,6900.0,26.05,7.51,14.75
320193,AAPL,2013,4,57594.0,13072.0,30.32,14.59,17.46
320193,AAPL,2014,1,45646.0,10223.0,29.78,11.69,16.81
320193,AAPL,2014,2,37432.0,7748.0,27.48,1.29,20.48
320193,AAPL,2015,1,74599.0,18024.0,32.5,3.08,27.79
320193,AAPL,2015,2,58010.0,13569.0,31.5,2.34,28.13
320193,AAPL,2015,3,49605.0,10677.0,28.4,1.86,24.85
320193,AAPL,2016,1,75872.0,18361.0,31.83,3.3,24.79
320193,AAPL,2016,3,42358.0,7796.0,23.85,1.43,26.01
320193,AAPL,2017,1,78351.0,17891.0,29.81,3.38,33.37
320193,AAPL,2017,3,52896.0,11029.0,26.67,2.11,36.09
320193,AAPL,2018,1,88293.0,20065.0,29.77,3.92,39.59
320193,AAPL,2018,3,53265.0,11519.0,23.69,2.36,53.66
320193,AAPL,2019,1,84310.0,19965.0,27.7,4.22,45.5
320193,AAPL,2019,2,58015.0,11561.0,23.1,2.47,47.59
320193,AAPL,2019,3,53809.0,10044.0,21.45,2.2,54.06
320193,AAPL,2020,1,91819.0,22236.0,27.83,5.04,61.71
320193,AAPL,2020,2,58313.0,11249.0,22.05,2.58,88.77
320193,AAPL,2020,3,59685.0,11253.0,21.93,2.61,112.93
320193,AAPL,2021,1,111439.0,28755.0,30.06,1.7,119.49
320193,AAPL,2021,2,89584.0,23630.0,30.69,1.41,134.21
320193,AAPL,2021,3,81434.0,21744.0,29.6,1.31,138.86
320193,AAPL,2022,1,123945.0,34630.0,33.47,2.11,171.83
320193,AAPL,2022,2,97278.0,25010.0,30.83,1.54,134.74
320193,AAPL,2022,3,82959.0,19442.0,27.8,1.2,136.39
320193,AAPL,2023,1,117154.0,29998.0,30.73,1.89,163.25
320193,AAPL,2023,2,94836.0,24160.0,29.84,1.53,192.3
320193,AAPL,2023,3,81797.0,19881.0,28.13,1.27,169.96
320193,AAPL,2024,1,119575.0,33916.0,33.76,2.19,170.67
320193,AAPL,2024,2,90753.0,23636.0,30.74,1.53,209.91
320193,AAPL,2024,3,85777.0,21448.0,29.53,1.4,232.49
320193,AAPL,2025,1,124300.0,36330.0,34.47,2.41,222.13
1551152,ABBV,2013,1,4329.0,968.0,30.13,0.61,24.95
1551152,ABBV,2013,2,4692.0,1068.0,30.97,0.67,25.52
1551152,ABBV,2013,3,4658.0,964.0,29.45,0.6,27.87
1551152,ABBV,2014,1,4563.0,980.0,29.6,0.61,32.57
1551152,ABBV,2014,2,4926.0,1098.0,30.77,0.69,36.08
1551152,ABBV,2014,3,5019.0,506.0,19.14,0.32,37.21
1551152,ABBV,2015,1,5040.0,1022.0,33.45,0.64,38.28
1551152,ABBV,2015,2,5475.0,1366.0,33.8,0.84,44.3
1551152,ABBV,2015,3,5944.0,1239.0,31.72,0.75,36.14
1551152,ABBV,2016,1,5958.0,1354.0,38.27,0.83,38.69
1551152,ABBV,2016,2,6452.0,1610.0,36.97,0.99,42.34
1551152,ABBV,2016,3,6432.0,1598.0,36.7,0.97,43.51
1551152,ABBV,2017,1,6538.0,1711.0,37.0,1.07,45.82
1551152,ABBV,2017,2,6944.0,1915.0,38.53,1.2,51.5
1551152,ABBV,2017,3,6995.0,1631.0,38.67,1.02,63.68
1551152,ABBV,2018,1,7934.0,2783.0,36.61,1.74,68.79
1551152,ABBV,2018,2,8278.0,1983.0,33.35,1.26,68.03
1551152,ABBV,2018,3,8236.0,2747.0,38.38,1.81,70.16
1551152,ABBV,2019,1,7828.0,2456.0,38.44,1.65,61.16
1551152,ABBV,2019,2,8255.0,741.0,41.2,0.49,55.92
1551152,ABBV,2019,3,8479.0,1884.0,30.86,1.27,59.12
1551152,ABBV,2020,1,8619.0,3010.0,41.79,2.02,61.17
1551152,ABBV,2020,2,10425.0,-738.0,7.22,-0.46,80.0
1551152,ABBV,2020,3,12902.0,2308.0,25.23,1.3,72.24
1551152,ABBV,2021,1,13010.0,3553.0,31.53,1.99,91.53
1551152,ABBV,2021,2,13959.0,766.0,31.8,0.42,96.42
1551152,ABBV,2021,3,14342.0,3179.0,30.01,1.78,93.37
1551152,ABBV,2022,1,13538.0,4490.0,34.85,2.51,143.49
1551152,ABBV,2022,2,14583.0,924.0,22.59,0.52,136.72
1551152,ABBV,2022,3,14812.0,3949.0,31.07,2.22,120.93
1551152,ABBV,2023,1,12225.0,239.0,22.63,0.13,146.44
1551152,ABBV,2023,2,13865.0,2024.0,32.55,1.14,124.94
1551152,ABBV,2023,3,13927.0,1778.0,16.38,1.0,139.76
1551152,ABBV,2024,1,12310.0,1369.0,22.73,0.77,174.09
1551152,ABBV,2024,2,14462.0,1370.0,27.64,0.77,165.51
1551152,ABBV,2024,3,14460.0,1561.0,26.49,0.88,192.31
1800,ABT,2000,2,3370.15,685.2,24.97,0.44,10.55
1800,ABT,2000,3,3317.9,654.42,23.66,0.42,11.31
1800,ABT,2001,1,3559.88,-223.61,-4.6,-0.14,11.32
1800,ABT,2001,2,4099.12,529.05,14.6,0.34,11.56
1800,ABT,2001,3,4181.19,631.4,17.81,0.41,12.54
1800,ABT,2002,1,4189.29,854.28,24.94,0.55,12.83
1800,ABT,2002,2,4314.89,592.27,15.83,0.38,9.22
1800,ABT,2002,3,4341.24,720.05,21.03,0.46,9.96
1800,ABT,2003,1,4580.46,800.98,21.4,0.51,9.38
1800,ABT,2003,2,4723.64,246.64,6.89,0.16,10.99
1800,ABT,2003,3,4845.88,761.22,18.8,0.49,10.74
1800,ABT,2004,1,5216.05,822.91,19.79,0.53,10.49
1800,ABT,2004,2,4703.05,634.26,16.93,0.41,12.03
1800,ABT,2004,3,4681.67,804.08,21.85,0.52,12.58
1800,ABT,2005,1,5382.68,837.89,21.11,0.54,14.01
1800,ABT,2005,2,5523.8,877.05,19.8,0.56,14.81
1800,ABT,2005,3,5384.0,680.71,15.43,0.44,12.89
1800,ABT,2006,1,5183.46,864.88,20.52,0.57,13.08
1800,ABT,2006,2,5501.12,612.24,9.87,0.4,13.52
1800,ABT,2006,3,5573.77,715.84,12.37,0.47,15.16
1800,ABT,2007,1,5290.28,697.54,16.6,0.45,17.63
1800,ABT,2007,2,6370.62,988.74,18.62,0.64,17.02
1800,ABT,2007,3,6376.71,717.01,14.53,0.46,17.14
1800,ABT,2008,1,6765.6,937.87,16.96,0.61,17.84
1800,ABT,2008,2,7314.02,1322.01,19.24,0.86,17.25
1800,ABT,2008,3,7497.66,1084.61,18.62,0.7,18.87
1800,ABT,2009,1,6718.37,1438.64,15.8,0.93,15.86
1800,ABT,2009,2,7494.88,1288.11,22.3,0.83,15.78
1800,ABT,2009,3,7761.34,1480.37,21.13,0.95,16.74
1800,ABT,2010,1,7698.35,1003.02,19.1,0.65,18.1
1800,ABT,2010,2,8826.01,1291.65,18.19,0.83,16.21
1800,ABT,2010,3,8674.51,890.66,13.6,0.58,18.27
1800,ABT,2011,1,9040.85,863.82,14.38,0.56,17.46
1800,ABT,2011,2,9616.29,1942.78,18.45,1.24,18.91
1800,ABT,2011,3,9816.67,303.18,6.06,0.19,18.54
1800,ABT,2012,1,9456.63,1242.12,16.67,0.79,22.62
1800,ABT,2012,2,9807.1,1724.61,21.46,1.09,24.0
1800,ABT,2012,3,9773.24,1942.81,20.37,1.22,25.72
1800,ABT,2013,1,5377.9,544.66,11.44,0.35,27.93
1800,ABT,2013,2,5446.03,476.06,11.53,0.3,27.69
1800,ABT,2013,3,5369.14,965.73,11.74,0.62,26.45
1800,ABT,2014,1,5244.0,375.0,8.6,0.24,31.0
1800,ABT,2014,2,5551.0,466.0,13.71,0.3,33.12
1800,ABT,2014,3,5104.0,538.0,14.32,0.36,33.86
1800,ABT,2015,1,4897.0,2292.0,12.46,1.52,38.12
1800,ABT,2015,2,5170.0,784.0,14.1,0.52,40.58
1800,ABT,2015,3,5150.0,580.0,13.83,0.39,33.42
1800,ABT,2016,1,4885.0,316.0,10.73,0.21,35.18
1800,ABT,2016,2,5333.0,615.0,15.31,0.41,33.26
1800,ABT,2016,3,5302.0,-329.0,16.91,-0.22,36.0
1800,ABT,2017,1,6335.0,419.0,-3.19,0.24,38.29
1800,ABT,2017,2,6637.0,283.0,6.43,0.16,42.17
1800,ABT,2017,3,6829.0,603.0,11.86,0.34,46.55
1800,ABT,2018,1,7390.0,418.0,8.23,0.24,52.78
1800,ABT,2018,2,7767.0,733.0,11.35,0.42,53.98
1800,ABT,2018,3,7656.0,563.0,13.0,0.32,65.22
1800,ABT,2019,1,7535.0,672.0,9.81,0.38,71.69
1800,ABT,2019,2,7979.0,1006.0,15.12,0.57,75.73
1800,ABT,2019,3,8076.0,960.0,14.82,0.54,75.63
1800,ABT,2020,1,7726.0,564.0,9.82,0.32,71.92
1800,ABT,2020,2,7328.0,537.0,9.17,0.3,83.68
1800,ABT,2020,3,8853.0,1232.0,16.88,0.69,99.99
1800,ABT,2021,1,10456.0,1793.0,20.16,1.0,110.92
1800,ABT,2021,2,10223.0,1189.0,13.61,0.67,107.69
1800,ABT,2021,3,10928.0,2100.0,23.3,1.18,110.15
1800,ABT,2022,1,11895.0,2447.0,24.48,1.38,111.18
1800,ABT,2022,2,11257.0,2018.0,21.1,1.15,102.47
1800,ABT,2022,3,10410.0,1435.0,17.01,0.82,91.66
1800,ABT,2023,1,9747.0,1318.0,15.47,0.75,96.81
1800,ABT,2023,2,9978.0,1375.0,15.45,0.79,104.75
1800,ABT,2023,3,10143.0,1436.0,16.23,0.82,93.51
1800,ABT,2024,1,9964.0,1225.0,13.91,0.7,110.88
1800,ABT,2024,2,10377.0,1302.0,16.08,0.74,101.87
1800,ABT,2024,3,10635.0,1646.0,17.48,0.94,112.36
796343,ADBE,1999,2,245.89,44.96,21.0,0.74,10.19
796343,ADBE,1999,3,260.88,57.16,27.59,0.94,14.08
796343,ADBE,2000,1,282.23,64.57,31.55,0.54,27.64
796343,ADBE,2000,2,300.09,65.78,29.84,0.55,32.28
796343,ADBE,2000,3,328.87,78.27,32.2,0.66,38.56
796343,ADBE,2001,1,328.97,69.76,35.1,0.29,17.38
796343,ADBE,2001,2,344.09,61.31,34.25,0.26,23.37
796343,ADBE,2001,3,292.12,40.29,31.78,0.17,11.93
796343,ADBE,2002,1,267.9,49.81,23.8,0.21,20.06
796343,ADBE,2002,2,317.36,54.3,28.63,0.23,14.2
796343,ADBE,2002,3,284.88,47.2,24.38,0.2,9.52
796343,ADBE,2003,1,296.9,54.23,27.13,0.23,15.38
796343,ADBE,2003,2,320.15,64.25,28.57,0.28,16.0
796343,ADBE,2003,3,319.12,64.52,28.88,0.28,19.66
796343,ADBE,2004,1,423.28,123.04,38.57,0.52,19.63
796343,ADBE,2004,2,410.09,109.4,34.57,0.46,23.23
796343,ADBE,2004,3,403.71,104.46,34.73,0.44,24.72
796343,ADBE,2005,1,472.88,151.89,36.1,0.62,33.58
796343,ADBE,2005,2,496.03,149.78,36.73,0.31,28.61
796343,ADBE,2005,3,487.04,144.92,37.68,0.29,29.85
796343,ADBE,2006,1,655.48,105.07,19.83,0.18,34.95
796343,ADBE,2006,2,635.46,123.1,23.28,0.21,30.36
796343,ADBE,2006,3,602.19,94.4,18.26,0.16,37.46
796343,ADBE,2007,1,649.41,143.85,22.53,0.24,41.7
796343,ADBE,2007,2,745.58,152.51,24.19,0.26,40.15
796343,ADBE,2007,3,851.69,205.24,29.93,0.35,43.66
796343,ADBE,2008,1,890.45,219.38,30.93,0.39,35.59
796343,ADBE,2008,2,886.89,214.91,29.33,0.4,39.39
796343,ADBE,2008,3,887.26,191.61,24.74,0.36,39.47
796343,ADBE,2009,1,786.39,156.44,26.44,0.3,21.39
796343,ADBE,2009,2,704.67,126.07,22.9,0.24,28.3
796343,ADBE,2009,3,697.51,136.05,24.04,0.26,33.04
796343,ADBE,2010,1,858.7,127.15,20.6,0.24,35.37
796343,ADBE,2010,2,943.04,148.61,24.09,0.28,26.43
796343,ADBE,2010,3,990.32,230.07,30.49,0.44,26.15
796343,ADBE,2011,1,1027.71,234.59,29.4,0.47,33.16
796343,ADBE,2011,2,1023.18,229.44,27.03,0.46,31.45
796343,ADBE,2011,3,1013.21,195.1,27.05,0.39,24.17
796343,ADBE,2012,1,1045.22,185.21,27.66,0.37,34.31
796343,ADBE,2012,2,1124.45,223.88,27.14,0.45,32.37
796343,ADBE,2012,3,1080.58,201.36,25.75,0.41,32.44
796343,ADBE,2013,1,1007.87,65.12,9.74,0.13,43.52
796343,ADBE,2013,2,1010.55,76.55,11.02,0.15,45.56
796343,ADBE,2013,3,995.12,83.0,11.09,0.16,51.94
796343,ADBE,2014,1,1000.12,47.05,7.87,0.09,65.74
796343,ADBE,2014,2,1068.21,88.53,12.66,0.18,72.36
796343,ADBE,2014,3,1005.41,44.69,7.38,0.09,69.19
796343,ADBE,2015,1,1109.18,84.89,15.6,0.17,73.94
796343,ADBE,2015,2,1162.16,147.49,16.67,0.3,81.01
796343,ADBE,2015,3,1217.77,174.47,20.19,0.35,82.22
796343,ADBE,2016,1,1383.34,254.31,22.24,0.51,93.8
796343,ADBE,2016,2,1398.71,244.07,24.61,0.49,95.79
796343,ADBE,2016,3,1463.97,270.79,25.23,0.54,108.54
796343,ADBE,2017,1,1681.65,398.45,27.89,0.81,130.13
796343,ADBE,2017,2,1772.19,374.39,28.44,0.76,141.44
796343,ADBE,2017,3,1841.07,419.57,29.64,0.85,149.18
796343,ADBE,2018,1,2078.95,583.08,33.83,1.18,216.08
796343,ADBE,2018,2,2195.36,663.17,31.8,1.35,243.81
796343,ADBE,2018,3,2291.08,666.29,31.37,1.36,269.95
796343,ADBE,2019,1,2600.95,674.24,26.71,1.38,266.49
796343,ADBE,2019,2,2744.28,632.59,27.32,1.3,294.65
796343,ADBE,2019,3,2834.13,792.76,30.11,1.63,276.25
796343,ADBE,2020,1,3091.0,955.0,30.3,1.98,318.24
796343,ADBE,2020,2,3128.0,1100.0,32.49,2.28,435.31
796343,ADBE,2020,3,3225.0,955.0,33.16,1.99,490.43
796343,ADBE,2021,1,3905.0,1261.0,37.23,2.63,475.37
796343,ADBE,2021,2,3835.0,1116.0,36.67,2.34,585.64
796343,ADBE,2021,3,3935.0,1212.0,36.61,2.54,575.72
796343,ADBE,2022,1,4262.0,1266.0,37.07,2.68,455.62
796343,ADBE,2022,2,4386.0,1178.0,34.88,2.5,366.06
796343,ADBE,2022,3,4433.0,1136.0,33.47,2.42,275.2
796343,ADBE,2023,1,4655.0,1247.0,34.1,2.72,385.37
796343,ADBE,2023,2,4816.0,1295.0,33.73,2.83,488.99
796343,ADBE,2023,3,4890.0,1403.0,34.68,3.07,509.9
796343,ADBE,2024,1,5182.0,620.0,17.5,1.37,504.6
796343,ADBE,2024,2,5309.0,1573.0,35.52,3.5,555.54
796343,ADBE,2024,3,5408.0,1684.0,36.83,3.78,517.78
796343,ADBE,2025,1,5714.0,1811.0,37.87,4.15,383.53
4977,AFL,2000,3,2475.0,163.0,10.18,0.61,9.84
4977,AFL,2001,1,2421.0,178.0,11.32,0.34,8.41
4977,AFL,2001,2,2348.0,153.0,10.61,0.29,9.63
4977,AFL,2001,3,2446.0,193.0,12.02,0.37,8.27
4977,AFL,2002,1,2371.0,183.0,8.1,0.35,9.07
4977,AFL,2002,2,2513.0,212.0,8.04,0.41,9.86
4977,AFL,2002,3,2707.0,240.0,13.18,0.46,9.47
4977,AFL,2003,1,2807.0,237.0,8.7,0.46,9.94
4977,AFL,2003,2,2861.0,248.0,8.39,0.48,9.55
4977,AFL,2003,3,2931.0,237.0,8.37,0.46,10.06
4977,AFL,2004,1,3280.0,315.0,14.57,0.62,12.56
4977,AFL,2004,2,3233.0,265.0,13.0,0.52,12.8
4977,AFL,2004,3,3321.0,301.0,13.81,0.59,12.33
4977,AFL,2005,1,3559.0,328.0,14.22,0.65,11.78
4977,AFL,2005,2,3567.0,336.0,14.48,0.67,13.72
4977,AFL,2005,3,3669.0,455.0,17.58,0.91,14.4
4977,AFL,2006,1,3559.0,375.0,16.17,0.75,14.41
4977,AFL,2006,2,3697.0,408.0,16.87,0.82,14.84
4977,AFL,2006,3,3672.0,367.0,15.16,0.74,14.7
4977,AFL,2007,1,3751.0,416.0,17.0,0.85,15.23
4977,AFL,2007,2,3764.0,415.0,16.87,0.85,16.7
4977,AFL,2007,3,3861.0,420.0,16.62,0.86,18.6
4977,AFL,2008,1,4267.0,474.0,17.02,0.99,21.34
4977,AFL,2008,2,4336.0,483.0,17.06,1.02,20.71
4977,AFL,2008,3,3691.0,100.0,4.01,0.21,19.46
4977,AFL,2009,1,4818.0,569.0,18.08,1.22,6.53
4977,AFL,2009,2,4313.0,314.0,10.97,0.67,10.58
4977,AFL,2009,3,4526.0,363.0,12.13,0.78,14.64
4977,AFL,2010,1,5065.0,636.0,12.55,1.36,18.83
4977,AFL,2010,2,4980.0,581.0,17.87,1.24,14.89
4977,AFL,2010,3,5394.0,690.0,19.57,1.47,18.15
4977,AFL,2011,1,5117.0,395.0,11.72,0.84,18.73
4977,AFL,2011,2,5100.0,280.0,20.46,0.6,16.66
4977,AFL,2011,3,5987.0,744.0,18.45,1.6,12.57
4977,AFL,2012,1,6240.0,785.0,12.59,1.68,16.78
4977,AFL,2012,2,5902.0,483.0,12.55,1.04,15.66
4977,AFL,2012,3,6800.0,1017.0,18.44,2.16,17.73
4977,AFL,2013,1,6200.0,892.0,12.74,1.9,19.54
4977,AFL,2013,2,6044.0,889.0,22.48,1.91,21.97
4977,AFL,2013,3,5900.0,702.0,11.64,1.5,23.57
4977,AFL,2014,1,5640.0,732.0,19.57,1.6,24.24
4977,AFL,2014,2,5838.0,810.0,21.21,1.79,24.08
4977,AFL,2014,3,5700.0,706.0,12.02,1.56,22.68
4977,AFL,2015,1,5207.0,663.0,13.03,1.51,25.24
4977,AFL,2015,2,5300.0,573.0,12.28,1.32,24.68
4977,AFL,2015,3,5114.0,567.0,13.14,1.32,23.21
4977,AFL,2016,1,5353.0,731.0,21.86,1.74,25.55
4977,AFL,2016,2,5437.0,548.0,15.33,1.33,29.38
4977,AFL,2016,3,5716.0,629.0,13.1,1.54,29.42
4977,AFL,2017,1,5330.0,592.0,20.24,1.47,30.01
4977,AFL,2017,2,5428.0,713.0,19.25,1.8,32.38
4977,AFL,2017,3,5506.0,716.0,19.53,1.81,34.11
4977,AFL,2018,1,5464.0,717.0,13.12,0.92,37.09
4977,AFL,2018,2,5589.0,832.0,20.23,1.08,36.67
4977,AFL,2018,3,5600.0,845.0,15.09,1.09,40.35
4977,AFL,2019,1,5657.0,928.0,21.95,1.23,43.34
4977,AFL,2019,2,5511.0,817.0,20.13,1.1,47.76
4977,AFL,2019,3,5500.0,777.0,14.13,1.04,45.83
4977,AFL,2020,1,5162.0,566.0,13.94,0.78,30.3
4977,AFL,2020,2,5407.0,805.0,14.88,1.12,32.14
4977,AFL,2020,3,5665.0,2456.0,20.37,3.45,32.67
4977,AFL,2021,1,5900.0,1300.0,22.03,1.87,46.63
4977,AFL,2021,2,5600.0,1100.0,19.64,1.62,49.18
4977,AFL,2021,3,5200.0,888.0,24.0,1.32,48.05
4977,AFL,2022,1,5300.0,1000.0,21.57,1.58,60.07
4977,AFL,2022,2,5400.0,1388.0,31.5,2.17,51.99
4977,AFL,2022,3,4800.0,1600.0,33.33,2.53,53.15
4977,AFL,2023,1,4800.0,1200.0,25.0,1.94,61.74
4977,AFL,2023,2,5172.0,1634.0,31.59,2.71,67.22
4977,AFL,2023,3,4950.0,1569.0,36.46,2.64,74.33
4977,AFL,2024,1,5400.0,1900.0,35.19,3.25,84.11
4977,AFL,2024,2,5100.0,1800.0,35.29,3.1,87.99
4977,AFL,2024,3,2949.0,-93.0,3.12,-0.17,110.68
2488,AMD,2001,1,1188.75,124.84,14.05,0.4,26.54
2488,AMD,2001,2,985.26,17.35,2.2,0.05,28.9
2488,AMD,2001,3,765.87,-186.93,-29.96,-0.54,8.15
2488,AMD,2002,1,902.07,-9.16,-1.5,-0.03,14.71
2488,AMD,2002,2,600.3,-184.94,-49.44,-0.54,9.72
2488,AMD,2002,3,508.23,-254.17,-64.0,-0.74,5.34
2488,AMD,2003,1,714.56,-146.36,-17.56,-0.42,6.18
2488,AMD,2003,2,645.26,-140.1,-19.14,-0.4,6.41
2488,AMD,2003,3,954.0,-31.23,-3.17,-0.09,11.11
2488,AMD,2004,1,1236.43,45.09,4.96,0.13,16.23
2488,AMD,2004,2,1261.84,32.18,5.74,0.09,15.9
2488,AMD,2004,3,1239.46,43.85,5.52,0.12,13.0
2488,AMD,2005,1,1226.63,-17.42,-3.72,-0.04,16.12
2488,AMD,2005,2,1259.92,11.32,-0.57,0.03,17.34
2488,AMD,2005,3,1522.76,76.0,5.17,0.19,25.2
2488,AMD,2006,1,1332.16,184.52,19.44,0.4,33.16
2488,AMD,2006,2,1216.37,88.85,8.4,0.18,24.42
2488,AMD,2006,3,1327.62,134.46,8.97,0.28,24.85
2488,AMD,2007,1,1233.0,-611.0,-40.89,-1.11,13.06
2488,AMD,2007,2,1378.0,-600.0,-33.17,-1.09,14.3
2488,AMD,2007,3,1632.0,-396.0,-13.84,-0.71,13.2
2488,AMD,2008,1,1505.0,-358.0,-17.57,-0.59,5.89
2488,AMD,2008,2,1349.0,-1189.0,-10.59,-1.96,5.83
2488,AMD,2008,3,1776.0,-127.0,7.37,-0.21,5.25
2488,AMD,2009,1,1177.0,-416.0,-25.3,-0.66,3.05
2488,AMD,2009,2,1184.0,-330.0,-21.01,-0.49,3.87
2488,AMD,2009,3,1396.0,-128.0,-5.52,-0.18,5.66
2488,AMD,2010,1,1574.0,257.0,11.57,0.36,9.27
2488,AMD,2010,2,1653.0,-43.0,7.57,-0.06,7.32
2488,AMD,2010,3,1618.0,-118.0,7.91,-0.17,7.11
2488,AMD,2011,1,1613.0,510.0,3.35,0.71,8.6
2488,AMD,2011,2,1574.0,61.0,6.67,0.08,6.99
2488,AMD,2011,3,1690.0,97.0,8.16,0.13,5.08
2488,AMD,2012,1,1585.0,-590.0,-36.58,-0.8,8.02
2488,AMD,2012,2,1413.0,37.0,5.45,0.05,5.73
2488,AMD,2012,3,1269.0,-157.0,-10.33,-0.21,3.37
2488,AMD,2013,1,1088.0,-146.0,-9.01,-0.19,2.55
2488,AMD,2013,2,1161.0,-74.0,-2.5,-0.1,4.08
2488,AMD,2013,3,1461.0,48.0,6.5,0.06,3.81
2488,AMD,2014,1,1397.0,-20.0,3.51,-0.03,4.01
2488,AMD,2014,2,1441.0,-36.0,4.38,-0.05,4.19
2488,AMD,2014,3,1429.0,17.0,4.41,0.02,3.41
2488,AMD,2015,1,1030.0,-180.0,-13.3,-0.23,2.68
2488,AMD,2015,2,942.0,-181.0,-14.56,-0.23,2.4
2488,AMD,2015,3,1061.0,-197.0,-14.9,-0.25,1.72
2488,AMD,2016,1,832.0,-109.0,-8.17,-0.14,2.85
2488,AMD,2016,2,1027.0,69.0,-0.78,0.09,5.14
2488,AMD,2016,3,1307.0,-398.0,-22.4,-0.5,6.91
2488,AMD,2017,1,984.0,-73.0,-2.95,-0.08,14.55
2488,AMD,2017,2,1222.0,-16.0,2.05,-0.02,12.48
2488,AMD,2017,3,1643.0,71.0,7.67,0.07,12.75
2488,AMD,2018,1,1647.0,81.0,7.29,0.08,10.05
2488,AMD,2018,2,1756.0,116.0,8.71,0.12,14.99
2488,AMD,2018,3,1653.0,102.0,9.08,0.1,30.89
2488,AMD,2019,1,1272.0,16.0,2.99,0.01,25.52
2488,AMD,2019,2,1531.0,35.0,3.85,0.03,30.37
2488,AMD,2019,3,1801.0,120.0,10.33,0.11,28.99
2488,AMD,2020,1,1786.0,162.0,9.92,0.14,45.48
2488,AMD,2020,2,1932.0,157.0,8.96,0.13,52.61
2488,AMD,2020,3,2801.0,390.0,16.03,0.33,81.99
2488,AMD,2021,1,3445.0,555.0,19.21,0.46,78.5
2488,AMD,2021,2,3850.0,710.0,21.56,0.58,93.93
2488,AMD,2021,3,4313.0,923.0,21.97,0.76,102.9
2488,AMD,2022,1,5887.0,786.0,16.14,0.56,109.34
2488,AMD,2022,2,6550.0,447.0,8.03,0.28,76.47
2488,AMD,2022,3,5565.0,66.0,-1.15,0.04,63.36
2488,AMD,2023,1,5353.0,-139.0,-2.71,-0.09,98.01
2488,AMD,2023,2,5359.0,27.0,-0.37,0.02,113.91
2488,AMD,2023,3,5800.0,299.0,3.86,0.18,102.82
2488,AMD,2024,1,5473.0,123.0,0.66,0.08,180.49
2488,AMD,2024,2,5835.0,265.0,4.61,0.16,162.21
2488,AMD,2024,3,6819.0,771.0,10.62,0.48,164.08
1018724,AMZN,2000,2,577.88,-317.18,-31.21,-0.91,1.82
1018724,AMZN,2000,3,637.86,-240.52,-25.63,-0.68,1.92
1018724,AMZN,2001,1,700.36,-234.13,-30.94,-0.66,0.51
1018724,AMZN,2001,2,667.63,-168.36,-20.95,-0.47,0.71
1018724,AMZN,2001,3,639.28,-169.87,-11.01,-0.46,0.3
1018724,AMZN,2002,1,847.42,-23.15,0.21,-0.06,0.71
1018724,AMZN,2002,2,805.61,-93.55,0.18,-0.25,0.81
1018724,AMZN,2002,3,851.3,-35.08,-1.13,-0.09,0.8
1018724,AMZN,2003,1,1083.56,-10.12,3.62,-0.03,1.3
1018724,AMZN,2003,2,1099.91,-43.31,3.8,-0.11,1.82
1018724,AMZN,2003,3,1134.46,15.56,4.58,0.04,2.42
1018724,AMZN,2004,1,1530.35,111.14,8.0,0.28,2.16
1018724,AMZN,2004,2,1387.34,76.48,6.22,0.19,2.72
1018724,AMZN,2004,3,1462.48,54.15,5.56,0.13,2.04
1018724,AMZN,2005,1,1902.0,78.0,5.68,0.19,1.71
1018724,AMZN,2005,2,1753.0,52.0,5.94,0.13,1.65
1018724,AMZN,2005,3,1858.0,30.0,2.96,0.07,2.27
1018724,AMZN,2006,1,2279.0,51.0,4.65,0.12,1.83
1018724,AMZN,2006,2,2139.0,22.0,2.2,0.05,1.93
1018724,AMZN,2006,3,2307.0,19.0,1.73,0.05,1.61
1018724,AMZN,2007,1,3015.0,111.0,4.81,0.27,1.99
1018724,AMZN,2007,2,2886.0,78.0,4.02,0.19,3.42
1018724,AMZN,2007,3,3262.0,80.0,3.77,0.19,4.66
1018724,AMZN,2008,1,4135.0,143.0,4.79,0.34,3.57
1018724,AMZN,2008,2,4063.0,158.0,5.33,0.38,3.67
1018724,AMZN,2008,3,4264.0,118.0,3.61,0.28,3.64
1018724,AMZN,2009,1,4889.0,177.0,4.99,0.41,3.67
1018724,AMZN,2009,2,4651.0,142.0,3.42,0.33,4.18
1018724,AMZN,2009,3,5449.0,199.0,4.61,0.46,4.67
1018724,AMZN,2010,1,7131.0,299.0,5.52,0.67,6.79
1018724,AMZN,2010,2,6566.0,207.0,4.11,0.46,5.46
1018724,AMZN,2010,3,7560.0,231.0,3.54,0.51,7.85
1018724,AMZN,2011,1,9857.0,201.0,3.27,0.44,9.01
1018724,AMZN,2011,2,9913.0,191.0,2.03,0.42,10.22
1018724,AMZN,2011,3,10876.0,63.0,0.73,0.14,10.81
1018724,AMZN,2012,1,13185.0,130.0,1.46,0.29,10.13
1018724,AMZN,2012,2,12834.0,7.0,0.83,0.02,11.42
1018724,AMZN,2012,3,13806.0,-274.0,-0.2,-0.6,12.72
1018724,AMZN,2013,1,16070.0,82.0,1.13,0.18,13.32
1018724,AMZN,2013,2,15704.0,-7.0,0.5,-0.02,13.88
1018724,AMZN,2013,3,17092.0,-41.0,-0.15,-0.09,15.63
1018724,AMZN,2014,1,19741.0,108.0,0.74,0.23,16.82
1018724,AMZN,2014,2,19340.0,-126.0,-0.08,-0.27,16.24
1018724,AMZN,2014,3,20579.0,-437.0,-2.64,-0.95,16.12
1018724,AMZN,2015,1,22717.0,-57.0,1.12,-0.12,18.6
1018724,AMZN,2015,2,23185.0,92.0,2.0,0.2,21.7
1018724,AMZN,2015,3,25358.0,79.0,1.6,0.17,25.59
1018724,AMZN,2016,1,29128.0,513.0,3.68,1.09,29.68
1018724,AMZN,2016,2,30404.0,857.0,4.23,1.81,35.78
1018724,AMZN,2016,3,32714.0,252.0,1.76,0.53,41.87
1018724,AMZN,2017,1,35714.0,724.0,2.81,1.52,44.33
1018724,AMZN,2017,2,37955.0,197.0,1.65,0.41,48.4
1018724,AMZN,2017,3,43744.0,256.0,0.79,0.53,48.07
1018724,AMZN,2018,1,51042.0,1629.0,3.78,3.36,72.37
1018724,AMZN,2018,2,52886.0,2534.0,5.64,5.21,84.99
1018724,AMZN,2018,3,56576.0,2883.0,6.58,5.91,100.15
1018724,AMZN,2019,1,59700.0,3561.0,7.4,7.24,89.04
1018724,AMZN,2019,2,63404.0,2625.0,4.86,5.32,94.68
1018724,AMZN,2019,3,69981.0,2134.0,4.52,4.31,86.8
1018724,AMZN,2020,1,75452.0,2535.0,5.29,5.09,97.49
1018724,AMZN,2020,2,88912.0,5243.0,6.57,10.5,137.94
1018724,AMZN,2020,3,96145.0,6331.0,6.44,12.63,157.44
1018724,AMZN,2021,1,108518.0,8107.0,8.17,16.09,154.7
1018724,AMZN,2021,2,113080.0,7778.0,6.81,15.4,172.01
1018724,AMZN,2021,3,110812.0,3156.0,4.38,6.23,164.25
1018724,AMZN,2022,1,116444.0,-3844.0,3.15,-7.56,163.0
1018724,AMZN,2022,2,121234.0,-2028.0,2.73,-0.2,106.21
1018724,AMZN,2022,3,127101.0,2872.0,1.99,0.28,113.0
1018724,AMZN,2023,1,127358.0,3172.0,3.75,0.31,103.29
1018724,AMZN,2023,2,134383.0,6750.0,5.72,0.66,130.36
1018724,AMZN,2023,3,143083.0,9879.0,7.83,0.96,127.12
1018724,AMZN,2024,1,143313.0,10431.0,10.68,1.0,180.38
1018724,AMZN,2024,2,147977.0,13485.0,9.92,1.29,193.25
1018724,AMZN,2024,3,158877.0,15328.0,10.95,1.46,186.33
2969,APD,2001,1,1498.3,94.6,17.6,0.44,20.19
2969,APD,2001,3,1415.9,132.3,17.8,0.62,20.48
2969,APD,2001,4,1316.5,113.7,14.0,0.53,25.01
2969,APD,2002,1,1312.7,126.1,11.79,0.58,27.65
2969,APD,2002,3,1374.0,141.3,15.65,0.65,22.69
2969,APD,2002,4,1447.0,125.8,13.57,0.57,23.21
2969,APD,2003,1,1578.1,113.6,13.5,0.52,22.61
2969,APD,2003,3,1629.9,26.6,2.45,0.12,24.87
2969,APD,2004,1,1684.9,131.8,11.8,0.59,27.89
2969,APD,2004,2,1892.5,163.0,12.35,0.73,29.35
2969,APD,2004,4,1991.0,166.8,11.97,0.74,32.77
2969,APD,2005,1,2003.3,175.3,12.59,0.77,35.97
2969,APD,2005,2,2078.4,190.6,12.64,0.84,34.45
2969,APD,2005,4,2098.6,180.7,12.02,0.81,34.2
2969,APD,2006,1,2317.2,204.0,12.71,0.92,39.02
2969,APD,2006,2,2319.6,210.3,12.86,0.94,37.32
2969,APD,2006,4,2432.5,230.3,13.66,1.03,41.44
2969,APD,2007,1,2473.3,227.6,13.13,1.05,43.84
2969,APD,2007,2,2595.0,284.9,14.04,1.32,47.86
2969,APD,2007,4,2473.6,263.7,15.03,1.23,59.18
2969,APD,2008,1,2605.3,314.3,12.98,1.48,55.47
2969,APD,2008,3,2808.0,70.1,2.41,0.33,41.74
2969,APD,2009,1,2195.3,68.6,5.2,0.33,34.86
2969,APD,2009,2,1976.2,113.2,7.27,0.54,40.31
2969,APD,2009,4,2173.5,251.8,15.87,1.19,51.16
2969,APD,2010,1,2249.0,252.0,15.14,1.19,46.98
2969,APD,2010,2,2252.3,261.3,14.93,1.19,41.47
2969,APD,2010,4,2391.7,275.9,15.1,1.25,58.86
2969,APD,2011,1,2501.3,304.3,16.8,1.42,58.74
2969,APD,2011,2,2577.8,326.5,16.2,1.5,62.64
2969,APD,2011,4,2423.1,248.1,15.9,1.18,56.63
2969,APD,2012,1,2344.3,296.0,12.28,1.4,61.46
2969,APD,2012,2,2340.1,484.5,20.6,2.29,54.5
2969,APD,2012,4,2562.4,287.2,14.5,1.33,57.59
2969,APD,2013,1,2484.2,299.6,15.7,1.39,60.2
2969,APD,2013,2,2547.3,288.4,15.0,1.38,63.75
2969,APD,2013,4,2545.5,299.1,15.1,1.35,78.82
2969,APD,2014,1,2581.9,291.5,14.9,1.33,84.49
2969,APD,2014,3,2634.6,314.0,15.7,1.47,93.48
2969,APD,2014,4,2560.8,324.6,16.8,1.5,104.11
2969,APD,2015,1,2414.5,296.9,15.5,1.35,109.78
2969,APD,2015,2,2470.2,318.8,17.1,1.48,99.87
2969,APD,2015,4,2355.8,372.0,20.9,1.68,96.16
2969,APD,2016,1,2271.2,-473.3,22.6,-2.19,107.1
2969,APD,2016,2,2434.4,354.1,22.0,1.6,106.28
2969,APD,2016,4,1882.5,306.4,17.4,1.38,117.76
2969,APD,2017,1,1980.1,2130.0,19.8,9.7,111.55
2969,APD,2017,2,2121.9,104.1,11.9,0.47,118.73
2969,APD,2017,4,2216.6,161.7,20.8,0.7,137.82
2969,APD,2018,1,2155.7,423.6,21.1,1.89,134.52
2969,APD,2018,3,2259.0,487.9,22.8,2.16,143.24
2969,APD,2018,4,2224.0,357.0,20.5,1.57,138.18
2969,APD,2019,1,2187.7,433.5,23.6,1.91,165.88
2969,APD,2019,3,2224.0,500.2,25.6,2.21,194.75
2969,APD,2019,4,2254.7,488.9,24.9,2.15,207.3
2969,APD,2020,1,2216.3,490.4,26.04,2.16,177.24
2969,APD,2020,2,2065.2,457.1,26.1,2.02,215.61
2969,APD,2020,4,2375.2,486.7,22.7,2.18,246.3
2969,APD,2021,1,2502.0,477.1,21.93,2.13,254.98
2969,APD,2021,3,2604.7,532.3,22.16,2.41,234.68
2969,APD,2021,4,2994.2,549.6,17.5,2.52,280.18
2969,APD,2022,1,2945.1,536.8,19.1,2.39,231.61
2969,APD,2022,2,3189.3,587.1,19.7,2.62,224.37
2969,APD,2022,4,3174.7,583.8,20.5,2.58,291.15
2969,APD,2023,1,3200.1,449.9,14.4,1.98,272.97
2969,APD,2023,2,3033.9,610.5,21.2,2.68,286.38
2969,APD,2023,4,2997.4,621.6,22.2,2.74,265.08
2969,APD,2024,1,2930.2,572.4,21.7,2.57,236.28
2969,APD,2024,3,2985.5,708.9,24.7,3.13,292.38
2969,APD,2024,4,2931.5,649.8,22.0,2.77,286.52
4962,AXP,2000,2,5970.0,740.0,17.51,0.56,32.41
4962,AXP,2001,1,5719.0,538.0,12.96,0.41,25.79
4962,AXP,2001,2,5268.0,178.0,2.9,0.13,24.28
4962,AXP,2001,3,5724.0,298.0,6.19,0.23,18.22
4962,AXP,2002,1,5759.0,618.0,14.9,0.47,25.81
4962,AXP,2002,2,5945.0,683.0,16.17,0.52,22.94
4962,AXP,2003,1,6023.0,692.0,16.53,0.53,21.13
4962,AXP,2003,2,6356.0,762.0,17.26,0.59,26.65
4962,AXP,2004,1,6910.0,794.0,12.53,0.62,33.33
4962,AXP,2004,2,7258.0,876.0,12.06,0.69,33.1
4962,AXP,2004,3,7202.0,879.0,17.41,0.7,33.15
4962,AXP,2005,1,7573.0,946.0,18.16,0.76,33.32
4962,AXP,2005,2,8002.0,1013.0,16.49,0.82,34.6
4962,AXP,2005,3,6068.0,1030.0,14.26,0.84,37.34
4962,AXP,2006,1,6332.0,873.0,13.83,0.71,39.21
4962,AXP,2006,2,6850.0,945.0,21.04,0.78,39.8
4962,AXP,2007,1,7631.0,1057.0,13.95,0.89,42.51
4962,AXP,2007,2,8199.0,1057.0,12.96,0.9,46.24
4962,AXP,2007,3,7953.0,1067.0,17.82,0.91,44.98
4962,AXP,2008,1,8105.0,991.0,12.02,0.86,33.32
4962,AXP,2008,2,8097.0,653.0,8.08,0.56,28.82
4962,AXP,2009,1,5926.0,437.0,9.18,0.31,10.62
4962,AXP,2009,2,6092.0,102.0,6.86,0.09,18.48
4962,AXP,2009,3,6016.0,640.0,15.26,0.54,27.11
4962,AXP,2010,1,6606.0,885.0,13.39,0.74,33.28
4962,AXP,2010,2,10118.0,1017.0,10.05,0.84,32.17
4962,AXP,2010,3,7033.0,1093.0,23.32,0.91,34.05
4962,AXP,2011,1,7031.0,1177.0,24.63,0.98,36.95
4962,AXP,2011,2,7618.0,1331.0,17.0,1.11,42.58
4962,AXP,2011,3,7571.0,1235.0,22.59,1.04,36.98
4962,AXP,2012,1,7614.0,1256.0,16.51,1.07,48.03
4962,AXP,2012,2,7965.0,1339.0,16.8,1.16,48.49
4962,AXP,2012,3,7862.0,1236.0,15.89,1.1,47.53
4962,AXP,2013,1,8400.0,1280.0,28.9,1.15,56.78
4962,AXP,2013,2,8245.0,1405.0,24.21,1.28,63.11
4962,AXP,2013,3,8301.0,1366.0,24.13,1.26,63.95
4962,AXP,2014,1,8199.0,1432.0,26.93,1.34,76.67
4962,AXP,2014,2,8657.0,1529.0,17.65,1.43,80.99
4962,AXP,2014,3,8329.0,1477.0,26.95,1.4,74.94
4962,AXP,2015,2,8284.0,1473.0,26.93,1.43,67.4
4962,AXP,2015,3,8193.0,1266.0,23.67,1.24,64.29
4962,AXP,2016,1,8088.0,1426.0,17.61,1.45,53.69
4962,AXP,2016,3,7774.0,1142.0,14.68,1.21,56.55
4962,AXP,2017,1,7889.0,1237.0,23.04,1.34,70.51
4962,AXP,2017,2,8307.0,1340.0,23.46,1.47,75.39
4962,AXP,2017,3,8436.0,1356.0,21.67,1.5,81.26
4962,AXP,2018,1,9718.0,1634.0,16.82,1.86,84.41
4962,AXP,2018,2,10002.0,1623.0,20.91,1.84,89.01
4962,AXP,2018,3,10144.0,1654.0,20.87,1.89,97.07
4962,AXP,2019,1,10364.0,1550.0,18.89,1.8,100.4
4962,AXP,2019,2,10838.0,1761.0,20.45,2.07,113.79
4962,AXP,2019,3,10989.0,1755.0,20.6,2.08,109.38
4962,AXP,2020,3,8751.0,1073.0,15.6,1.3,94.33
4962,AXP,2021,1,9064.0,2235.0,24.66,2.74,134.51
4962,AXP,2021,2,10243.0,2280.0,28.66,2.8,157.14
4962,AXP,2022,1,11735.0,2099.0,23.13,2.73,179.2
4962,AXP,2022,2,13395.0,1964.0,22.06,2.57,133.71
4962,AXP,2022,3,13556.0,1879.0,18.13,2.47,130.13
4962,AXP,2023,1,14281.0,1816.0,15.18,2.4,160.27
4962,AXP,2023,2,15054.0,2174.0,26.11,2.89,169.88
4962,AXP,2024,1,15801.0,2437.0,15.43,3.33,224.45
4962,AXP,2024,2,16333.0,3015.0,30.95,4.15,228.96
4962,AXP,2024,3,16636.0,2507.0,19.26,3.49,268.97
1067983,BRK-A,2000,2,6553.0,640.0,17.0,421.0,53800.0
1067983,BRK-A,2000,3,8426.0,797.0,16.33,523.0,64400.0
1067983,BRK-A,2001,1,8135.0,606.0,11.76,0.4,65450.0
1067983,BRK-A,2001,2,10656.0,773.0,11.88,0.51,69400.0
1067983,BRK-A,2001,3,9310.0,-679.0,-11.23,-445.0,70000.0
1067983,BRK-A,2002,1,9255.0,916.0,15.01,598.0,71100.0
1067983,BRK-A,2002,2,9886.0,1045.0,15.64,681.0,66800.0
1067983,BRK-A,2002,3,10637.0,1141.0,14.65,744.0,73900.0
1067983,BRK-A,2003,1,11423.0,1730.0,22.57,1.13,63800.0
1067983,BRK-A,2003,2,14396.0,2229.0,23.17,1452.0,72500.0
1067983,BRK-A,2004,1,17184.0,1550.0,12.58,1.01,93300.0
1067983,BRK-A,2004,2,17996.0,1282.0,10.63,834.0,88950.0
1067983,BRK-A,2005,1,17634.0,1363.0,11.18,886.0,87000.0
1067983,BRK-A,2005,2,18128.0,1449.0,11.33,941.0,83500.0
1067983,BRK-A,2005,3,20533.0,586.0,4.07,381.0,82000.0
1067983,BRK-A,2006,1,22763.0,2313.0,15.87,1.5,90350.0
1067983,BRK-A,2006,2,24185.0,2347.0,14.9,1522.0,91659.0
1067983,BRK-A,2006,3,25360.0,2772.0,16.95,1797.0,95800.0
1067983,BRK-A,2007,1,32918.0,2595.0,12.37,1682.0,108990.0
1067983,BRK-A,2007,2,27347.0,3118.0,17.6,2018.0,109475.0
1067983,BRK-A,2007,3,29937.0,4553.0,22.88,2942.0,118510.0
1067983,BRK-A,2008,1,25175.0,940.0,5.77,0.61,133400.0
1067983,BRK-A,2008,2,30093.0,2880.0,14.86,1859.0,120750.0
1067983,BRK-A,2009,1,22784.0,-1534.0,-11.16,-9.9,86700.0
1067983,BRK-A,2009,2,29607.0,3295.0,16.18,2123.0,90000.0
1067983,BRK-A,2009,3,29904.0,3238.0,16.18,2.09,101000.0
1067983,BRK-A,2010,1,32037.0,3633.0,15.91,2272.0,121800.0
1067983,BRK-A,2010,2,31709.0,1968.0,9.26,1195.0,120000.0
1067983,BRK-A,2010,3,36274.0,2989.0,12.5,1.82,124500.0
1067983,BRK-A,2011,1,33720.0,1511.0,6.63,917.0,125300.0
1067983,BRK-A,2011,2,38274.0,3417.0,13.77,2072.0,116105.0
1067983,BRK-A,2011,3,33739.0,2278.0,9.97,1380.0,106800.0
1067983,BRK-A,2012,2,38546.0,3108.0,11.97,1882.0,124945.0
1067983,BRK-A,2012,3,41050.0,3920.0,14.46,2373.0,132700.0
1067983,BRK-A,2013,1,43867.0,4892.0,16.63,2977.0,156280.0
1067983,BRK-A,2013,2,44693.0,4541.0,15.43,2763.0,168600.0
1067983,BRK-A,2013,3,46541.0,5053.0,15.86,3074.0,170410.0
1067983,BRK-A,2014,1,45453.0,4705.0,14.51,2862.0,187350.0
1067983,BRK-A,2014,2,49762.0,6395.0,17.91,3889.0,189900.0
1067983,BRK-A,2015,1,48644.0,5164.0,15.72,3143.0,217500.0
1067983,BRK-A,2016,2,54460.0,5001.0,13.53,3042.0,216975.0
1067983,BRK-A,2016,3,59068.0,7198.0,17.82,4.38,216220.0
1067983,BRK-A,2017,1,65187.0,4060.0,8.36,2469.0,249850.0
1067983,BRK-A,2017,2,57518.0,4262.0,10.12,2.59,254700.0
1067983,BRK-A,2017,3,60525.0,4067.0,8.88,2473.0,274740.0
1067983,BRK-A,2018,1,58473.0,-1138.0,10.42,-692.0,299100.0
1067983,BRK-A,2018,2,62200.0,12011.0,13.53,7301.0,282040.0
1067983,BRK-A,2018,3,63450.0,18540.0,12.81,7.52,320000.0
1067983,BRK-A,2019,1,60678.0,21661.0,45.3,13209.0,301215.0
1067983,BRK-A,2019,2,63598.0,14073.0,11.93,5.74,318350.0
1067983,BRK-A,2019,3,64972.0,16524.0,13.72,6.75,311832.0
1067983,BRK-A,2020,1,61265.0,-49746.0,11.31,-20.44,272000.0
1067983,BRK-A,2020,2,56840.0,26295.0,-7.78,10.88,267300.0
1067983,BRK-A,2020,3,63024.0,30137.0,9.61,12.66,320001.0
1067983,BRK-A,2021,1,64599.0,11711.0,13.27,5.09,385702.0
1067983,BRK-A,2021,3,70583.0,10344.0,17.15,4.59,411379.0
1067983,BRK-A,2022,1,70810.0,5460.0,9.09,2.47,528921.0
1067983,BRK-A,2022,2,76180.0,-43755.0,14.73,-19.84,408950.0
1067983,BRK-A,2022,3,76934.0,-2688.0,11.58,-1.22,406470.0
1067983,BRK-A,2023,1,85393.0,35504.0,10.9,24.38,465600.0
1067983,BRK-A,2023,2,92503.0,35912.0,12.83,16.52,517810.0
1067983,BRK-A,2023,3,93210.0,-12767.0,13.48,-5.88,531477.0
1067983,BRK-A,2024,1,89869.0,12702.0,14.84,8825.0,634440.0
1067983,BRK-A,2024,2,93653.0,30498.0,40.47,14.08,612241.0
1067983,BRK-A,2024,3,92995.0,26251.0,12.66,12.18,691180.0
1652044,GOOG,2015,3,18675.0,3979.0,25.2,5.8,30.28
1652044,GOOG,2016,1,20257.0,4207.0,26.35,6.12,37.07
1652044,GOOG,2016,2,21500.0,4877.0,27.77,7.11,34.44
1652044,GOOG,2016,3,22451.0,5061.0,25.7,7.36,38.68
1652044,GOOG,2017,1,24750.0,5426.0,26.56,7.85,41.28
1652044,GOOG,2017,2,26010.0,3524.0,15.89,5.09,45.22
1652044,GOOG,2017,3,27772.0,6732.0,28.02,9.71,47.73
1652044,GOOG,2018,1,31146.0,9401.0,22.49,13.53,51.35
1652044,GOOG,2018,2,32657.0,3195.0,8.6,4.6,55.52
1652044,GOOG,2018,3,33740.0,9192.0,24.63,13.21,59.39
1652044,GOOG,2019,1,36339.0,6657.0,18.18,9.58,58.39
1652044,GOOG,2019,2,38944.0,9947.0,23.57,14.33,53.79
1652044,GOOG,2019,3,40499.0,7068.0,22.67,10.2,60.66
1652044,GOOG,2020,1,41159.0,6836.0,19.38,9.96,57.87
1652044,GOOG,2020,2,38297.0,6959.0,16.65,10.21,70.35
1652044,GOOG,2020,3,46173.0,11247.0,24.29,16.55,73.13
1652044,GOOG,2021,1,55314.0,17930.0,29.7,26.63,102.94
1652044,GOOG,2021,2,61880.0,18525.0,31.29,27.69,124.73
1652044,GOOG,2021,3,65118.0,18936.0,32.3,28.44,132.64
1652044,GOOG,2022,1,68011.0,16436.0,29.52,24.9,138.99
1652044,GOOG,2022,2,69685.0,16002.0,27.9,1.22,108.86
1652044,GOOG,2022,3,69092.0,13910.0,24.79,1.07,95.7
1652044,GOOG,2023,1,69787.0,15051.0,24.95,1.18,103.51
1652044,GOOG,2023,2,74604.0,18368.0,29.27,1.45,120.4
1652044,GOOG,2023,3,76693.0,19689.0,27.83,1.56,131.23
1652044,GOOG,2024,1,80539.0,23662.0,31.62,1.91,151.54
1652044,GOOG,2024,2,84742.0,23619.0,32.35,1.91,182.76
1652044,GOOG,2024,3,88268.0,26301.0,32.29,2.14,166.81
354950,HD,2000,2,12618.0,838.0,10.77,0.36,29.63
354950,HD,2000,3,11545.0,650.0,9.13,0.28,31.44
354950,HD,2001,2,12200.0,632.0,8.43,0.27,28.13
354950,HD,2001,3,14576.0,924.0,10.27,0.4,22.87
354950,HD,2002,1,14282.0,856.0,9.54,0.36,29.07
354950,HD,2002,2,16277.0,1182.0,11.54,0.5,21.99
354950,HD,2002,3,14475.0,940.0,10.34,0.4,15.65
354950,HD,2003,1,15104.0,907.0,9.59,0.4,14.68
354950,HD,2003,2,17989.0,1299.0,11.48,0.57,20.0
354950,HD,2003,3,16598.0,1147.0,10.98,0.5,19.27
354950,HD,2004,1,17550.0,1098.0,9.95,0.49,22.69
354950,HD,2004,2,19960.0,1545.0,12.31,0.7,21.43
354950,HD,2004,3,18772.0,1317.0,10.95,0.6,23.92
354950,HD,2005,1,18973.0,1247.0,10.5,0.58,23.44
354950,HD,2005,2,22305.0,1768.0,12.75,0.83,23.9
354950,HD,2005,3,20744.0,1538.0,11.92,0.72,23.5
354950,HD,2006,1,21461.0,1484.0,11.3,0.7,26.21
354950,HD,2006,2,26026.0,1862.0,12.2,0.9,22.27
354950,HD,2006,3,23085.0,1490.0,10.7,0.73,22.67
354950,HD,2007,1,21585.0,1046.0,8.5,0.53,23.23
354950,HD,2007,2,22184.0,1587.0,11.5,0.81,25.03
354950,HD,2007,3,18961.0,1091.0,9.3,0.6,20.76
354950,HD,2008,1,17907.0,356.0,4.1,0.21,18.21
354950,HD,2008,2,20990.0,1202.0,9.72,0.72,15.38
354950,HD,2008,3,17784.0,756.0,7.4,0.45,17.14
354950,HD,2009,1,16175.0,514.0,6.1,0.3,15.96
354950,HD,2009,2,19071.0,1116.0,9.6,0.66,16.16
354950,HD,2009,3,16361.0,689.0,7.7,0.41,18.37
354950,HD,2010,1,16863.0,725.0,7.7,0.43,22.66
354950,HD,2010,2,19410.0,1192.0,10.56,0.72,19.8
354950,HD,2010,3,16598.0,834.0,8.72,0.51,22.54
354950,HD,2011,1,16823.0,812.0,8.5,0.5,26.75
354950,HD,2011,2,20232.0,1363.0,11.34,0.87,26.34
354950,HD,2011,3,17326.0,934.0,9.32,0.6,24.08
354950,HD,2012,1,17808.0,1035.0,9.63,0.68,37.37
354950,HD,2012,3,20570.0,1532.0,12.5,1.02,45.34
354950,HD,2013,1,19124.0,1226.0,10.95,0.83,52.94
354950,HD,2013,2,22522.0,1795.0,13.41,1.25,59.06
354950,HD,2013,3,19470.0,1351.0,11.77,0.96,58.13
354950,HD,2014,1,19687.0,1379.0,11.57,1.0,61.29
354950,HD,2014,3,23811.0,2050.0,14.48,1.52,71.84
354950,HD,2015,1,20891.0,1579.0,12.4,1.21,89.85
354950,HD,2015,2,24829.0,2234.0,14.69,1.74,88.35
354950,HD,2015,3,21819.0,1725.0,13.66,1.35,92.29
354950,HD,2016,1,22762.0,1803.0,13.5,1.45,107.68
354950,HD,2016,2,26472.0,2441.0,15.5,1.98,103.58
354950,HD,2016,3,23154.0,1969.0,14.33,1.6,104.92
354950,HD,2017,1,23887.0,2014.0,14.01,1.68,121.09
354950,HD,2017,2,28108.0,2672.0,15.88,2.26,127.24
354950,HD,2017,3,25026.0,2165.0,14.7,1.85,136.47
354950,HD,2018,1,24947.0,2404.0,13.55,2.08,150.32
354950,HD,2018,2,30463.0,3506.0,16.09,3.06,165.46
354950,HD,2018,3,26302.0,2867.0,14.72,2.51,176.58
354950,HD,2019,1,26381.0,2513.0,13.63,2.27,165.78
354950,HD,2019,2,30839.0,3479.0,15.87,3.17,180.93
354950,HD,2019,3,27223.0,2769.0,14.5,2.53,203.09
354950,HD,2020,1,28260.0,2245.0,11.6,2.08,165.57
354950,HD,2020,2,38053.0,4332.0,15.94,4.02,223.48
354950,HD,2020,3,33536.0,3432.0,14.48,3.18,249.05
354950,HD,2021,1,37500.0,4145.0,15.42,3.86,276.96
354950,HD,2021,2,41118.0,4807.0,16.15,4.53,290.86
354950,HD,2021,3,36820.0,4129.0,15.74,3.92,300.92
354950,HD,2022,2,38908.0,4231.0,15.23,4.11,255.6
354950,HD,2022,3,38872.0,4339.0,15.81,4.24,258.83
354950,HD,2023,1,37257.0,3873.0,14.9,3.82,280.51
354950,HD,2023,2,42916.0,4659.0,15.34,4.65,297.39
354950,HD,2023,3,37710.0,3810.0,14.34,3.81,291.12
354950,HD,2024,1,36418.0,3600.0,13.9,3.63,374.29
354950,HD,2024,2,43175.0,4561.0,15.14,4.6,338.22
354950,HD,2024,3,40217.0,3648.0,13.47,3.67,400.54
200406,JNJ,2001,1,7791.0,1500.0,27.47,1.08,23.1
200406,JNJ,2001,2,8342.0,1482.0,25.5,0.49,26.48
200406,JNJ,2001,3,8238.0,1529.0,14.9,0.5,29.47
200406,JNJ,2002,1,8743.0,1834.0,29.98,0.6,34.76
200406,JNJ,2002,2,9073.0,1654.0,26.76,0.55,28.06
200406,JNJ,2002,3,9079.0,1725.0,13.5,0.58,29.14
200406,JNJ,2003,1,9821.0,2070.0,11.8,0.7,31.42
200406,JNJ,2003,2,10332.0,1210.0,19.9,0.41,28.19
200406,JNJ,2003,3,10455.0,2072.0,28.2,0.7,27.13
200406,JNJ,2004,1,11559.0,2493.0,30.32,0.84,28.05
200406,JNJ,2004,2,11484.0,2458.0,29.9,0.83,30.96
200406,JNJ,2004,3,11553.0,2341.0,17.7,0.79,31.47
200406,JNJ,2005,1,12832.0,2927.0,31.64,0.98,37.86
200406,JNJ,2005,2,12762.0,2676.0,26.7,0.9,36.82
200406,JNJ,2005,3,12310.0,2625.0,28.9,0.88,36.03
200406,JNJ,2006,1,12992.0,3305.0,35.5,1.11,34.09
200406,JNJ,2006,2,13363.0,2820.0,27.0,0.96,34.71
200406,JNJ,2006,3,13287.0,2760.0,27.6,0.95,37.83
200406,JNJ,2007,1,15037.0,2573.0,25.0,0.89,35.51
200406,JNJ,2007,2,15131.0,3081.0,26.6,1.06,36.55
200406,JNJ,2007,3,14970.0,2548.0,21.83,0.88,39.23
200406,JNJ,2008,1,16194.0,3598.0,29.3,1.27,39.24
200406,JNJ,2008,2,16450.0,3327.0,26.6,1.18,39.19
200406,JNJ,2008,3,15921.0,3310.0,26.9,1.19,42.47
200406,JNJ,2009,1,15026.0,3507.0,30.9,1.27,32.78
200406,JNJ,2009,2,15239.0,3208.0,27.95,1.16,35.72
200406,JNJ,2009,3,15081.0,3345.0,28.14,1.21,38.6
200406,JNJ,2010,1,15631.0,4526.0,40.2,1.64,41.98
200406,JNJ,2010,2,15330.0,3449.0,27.53,1.25,38.37
200406,JNJ,2010,3,14982.0,3417.0,28.2,1.24,40.63
200406,JNJ,2011,1,16173.0,3476.0,27.87,1.27,39.55
200406,JNJ,2011,2,16597.0,2776.0,20.62,1.01,44.78
200406,JNJ,2011,3,16005.0,3202.0,25.7,1.17,43.26
200406,JNJ,2012,1,16139.0,3910.0,31.3,1.43,45.62
200406,JNJ,2012,2,16475.0,1408.0,12.35,0.51,47.18
200406,JNJ,2012,3,17052.0,2968.0,21.26,1.08,48.56
200406,JNJ,2013,1,17505.0,3497.0,27.87,1.25,58.42
200406,JNJ,2013,2,17877.0,3833.0,28.35,1.36,61.99
200406,JNJ,2013,3,17575.0,2982.0,22.04,1.06,63.06
200406,JNJ,2014,1,18115.0,4727.0,31.08,1.67,72.47
200406,JNJ,2014,2,19495.0,4326.0,30.6,1.53,77.72
200406,JNJ,2014,3,18467.0,4749.0,30.21,1.69,79.72
200406,JNJ,2015,1,17374.0,4320.0,30.76,1.55,76.26
200406,JNJ,2015,2,17787.0,4516.0,27.64,1.63,74.42
200406,JNJ,2015,3,17102.0,3358.0,27.1,1.21,71.83
200406,JNJ,2016,1,17482.0,4292.0,30.3,1.56,84.47
200406,JNJ,2016,2,18482.0,3997.0,30.1,1.46,95.38
200406,JNJ,2016,3,17820.0,4272.0,29.87,1.56,93.5
200406,JNJ,2017,1,17766.0,4422.0,30.94,1.63,99.92
200406,JNJ,2017,2,18839.0,3827.0,29.0,1.42,106.84
200406,JNJ,2017,3,19650.0,3764.0,24.4,1.4,105.66
200406,JNJ,2018,1,20009.0,4367.0,28.43,1.63,105.46
200406,JNJ,2018,2,20830.0,3954.0,26.24,1.47,100.6
200406,JNJ,2018,3,20348.0,3934.0,21.7,1.47,115.31
200406,JNJ,2019,1,20021.0,3749.0,22.1,1.41,118.19
200406,JNJ,2019,2,20562.0,5607.0,26.3,2.11,118.56
200406,JNJ,2019,3,20729.0,1753.0,28.42,0.67,110.96
200406,JNJ,2020,1,20691.0,5796.0,28.26,2.2,113.96
200406,JNJ,2020,2,18336.0,3626.0,21.76,1.38,123.07
200406,JNJ,2020,3,21082.0,3554.0,20.9,1.35,131.15
200406,JNJ,2021,1,22321.0,6197.0,33.3,2.35,146.7
200406,JNJ,2021,2,23312.0,6278.0,26.84,2.38,147.96
200406,JNJ,2021,3,23338.0,3667.0,24.73,1.39,145.91
200406,JNJ,2022,1,23426.0,5149.0,25.02,1.96,162.21
200406,JNJ,2022,2,24020.0,4814.0,25.33,1.83,163.51
200406,JNJ,2022,3,23791.0,4458.0,26.52,1.7,151.49
200406,JNJ,2023,1,24746.0,-68.0,26.67,-0.03,145.7
200406,JNJ,2023,2,25530.0,5144.0,26.48,1.98,156.76
200406,JNJ,2023,3,21351.0,26028.0,26.64,10.32,148.58
200406,JNJ,2024,1,21383.0,3255.0,27.63,1.35,153.27
200406,JNJ,2024,2,22447.0,4686.0,27.9,1.95,142.76
200406,JNJ,2024,3,22471.0,2694.0,22.6,1.12,159.49
21344,KO,2001,1,4479.0,863.0,28.6,0.35,11.33
21344,KO,2001,2,5293.0,1118.0,28.6,0.45,11.34
21344,KO,2001,3,5397.0,1074.0,24.3,0.43,11.93
21344,KO,2002,1,4079.0,-125.0,30.7,-0.05,13.41
21344,KO,2002,2,5368.0,1290.0,30.8,0.52,14.43
21344,KO,2002,3,5322.0,1161.0,29.0,0.47,12.41
21344,KO,2003,1,4498.0,835.0,23.9,0.34,10.58
21344,KO,2003,2,5691.0,1362.0,28.1,0.55,12.19
21344,KO,2003,3,5662.0,1223.0,25.6,0.5,11.34
21344,KO,2004,1,5078.0,1127.0,28.6,0.46,13.4
21344,KO,2004,2,5965.0,1584.0,30.2,0.65,13.52
21344,KO,2004,3,5662.0,935.0,19.4,0.39,10.79
21344,KO,2005,1,5266.0,1002.0,25.8,0.42,11.37
21344,KO,2005,2,6310.0,1723.0,31.3,0.72,11.46
21344,KO,2005,3,6037.0,1283.0,24.7,0.54,11.93
21344,KO,2006,1,5226.0,1106.0,26.7,0.47,11.73
21344,KO,2006,2,6476.0,1836.0,31.5,0.78,12.14
21344,KO,2006,3,6454.0,1460.0,25.74,0.62,12.7
21344,KO,2007,1,6103.0,1262.0,26.7,0.55,13.83
21344,KO,2007,2,7733.0,1851.0,29.4,0.8,15.17
21344,KO,2007,3,7690.0,1654.0,23.79,0.72,16.77
21344,KO,2008,1,7379.0,1500.0,25.4,0.65,17.97
21344,KO,2008,2,9046.0,1422.0,29.56,0.61,15.45
21344,KO,2008,3,8393.0,1890.0,26.05,0.82,15.83
21344,KO,2009,1,7169.0,1348.0,26.0,0.58,13.41
21344,KO,2009,2,8267.0,2037.0,29.5,0.88,14.76
21344,KO,2009,3,8044.0,1896.0,26.74,0.82,16.66
21344,KO,2010,1,7525.0,1614.0,29.02,0.7,17.32
21344,KO,2010,2,8674.0,2369.0,31.82,1.03,15.92
21344,KO,2010,4,8426.0,2055.0,27.82,0.89,21.19
21344,KO,2011,1,10517.0,1900.0,21.66,0.83,21.53
21344,KO,2011,2,12737.0,2797.0,24.9,1.22,22.0
21344,KO,2011,3,12248.0,2243.0,22.45,0.97,22.24
21344,KO,2012,1,11137.0,2054.0,22.5,0.91,24.72
21344,KO,2012,2,13085.0,2788.0,25.16,1.24,26.29
21344,KO,2012,3,12340.0,2311.0,22.63,0.51,25.68
21344,KO,2013,1,11035.0,1751.0,21.82,0.39,27.77
21344,KO,2013,2,12749.0,2676.0,25.44,0.6,27.73
21344,KO,2013,3,12030.0,2447.0,20.56,0.55,26.38
21344,KO,2014,1,10576.0,1619.0,22.46,0.37,27.33
21344,KO,2014,2,12574.0,2595.0,25.22,0.59,30.17
21344,KO,2014,3,11976.0,2114.0,22.63,0.48,30.6
21344,KO,2015,1,10711.0,1557.0,21.42,0.36,29.53
21344,KO,2015,2,12156.0,3108.0,20.85,0.71,28.81
21344,KO,2015,3,11427.0,1449.0,20.82,0.33,29.72
21344,KO,2016,1,10282.0,1483.0,20.82,0.34,34.89
21344,KO,2016,2,11539.0,3448.0,24.77,0.8,34.36
21344,KO,2016,3,10633.0,1046.0,21.35,0.24,32.34
21344,KO,2017,1,9118.0,1184.0,21.73,0.28,32.99
21344,KO,2017,2,9702.0,1371.0,21.41,0.32,35.15
21344,KO,2017,3,9078.0,1447.0,23.36,0.34,35.56
21344,KO,2018,1,7626.0,1400.0,23.75,0.32,34.9
21344,KO,2018,2,8927.0,2331.0,30.56,0.54,35.56
21344,KO,2018,3,8245.0,1818.0,30.63,0.44,37.76
21344,KO,2019,1,8020.0,1703.0,29.13,0.39,38.95
21344,KO,2019,2,9997.0,2607.0,29.88,0.61,42.66
21344,KO,2019,3,9507.0,2593.0,26.29,0.61,45.94
21344,KO,2020,1,8601.0,2775.0,27.67,0.65,37.95
21344,KO,2020,2,7150.0,1779.0,27.68,0.41,38.67
21344,KO,2020,3,8652.0,1737.0,26.56,0.4,43.07
21344,KO,2021,1,9020.0,2245.0,30.19,0.52,46.73
21344,KO,2021,2,10129.0,2641.0,29.78,0.61,48.33
21344,KO,2021,3,10042.0,2475.0,28.85,0.57,47.22
21344,KO,2022,1,10491.0,2793.0,32.47,0.64,56.66
21344,KO,2022,3,11325.0,1905.0,20.67,0.44,51.94
21344,KO,2023,1,10980.0,3113.0,30.65,0.72,58.37
21344,KO,2023,2,11972.0,2547.0,20.08,0.59,57.1
21344,KO,2023,3,11953.0,3087.0,27.35,0.71,53.5
21344,KO,2024,1,11300.0,3177.0,18.94,0.74,59.4
21344,KO,2024,2,12363.0,2411.0,21.3,0.56,62.28
21344,KO,2024,3,11854.0,2848.0,21.17,0.66,70.8
1141391,MA,2006,2,846.49,-310.46,-32.37,-2.3,4.37
1141391,MA,2006,3,901.97,193.0,30.44,1.42,6.41
1141391,MA,2007,1,915.1,214.91,34.29,1.58,9.7
1141391,MA,2007,2,996.96,252.29,26.97,1.86,15.18
1141391,MA,2007,3,1082.85,314.46,32.63,2.32,13.54
1141391,MA,2008,1,1182.08,446.88,43.63,3.4,20.44
1141391,MA,2008,2,1246.5,-746.65,-98.8,-5.74,24.36
1141391,MA,2008,3,1338.18,-193.58,-20.87,-1.49,16.28
1141391,MA,2009,1,1156.1,367.26,48.56,2.81,15.4
1141391,MA,2009,2,1279.89,349.07,43.53,2.67,15.4
1141391,MA,2009,3,1364.28,452.2,49.36,3.46,18.62
1141391,MA,2010,1,1308.0,455.0,53.53,3.47,23.43
1141391,MA,2010,2,1365.0,458.0,52.53,3.5,18.42
1141391,MA,2010,3,1428.0,519.0,53.66,3.96,20.69
1141391,MA,2011,1,1501.0,562.0,55.63,4.31,23.28
1141391,MA,2011,2,1667.0,608.0,53.09,4.77,27.89
1141391,MA,2011,3,1818.0,717.0,55.1,5.65,29.37
1141391,MA,2012,1,1758.0,682.0,56.85,5.38,38.98
1141391,MA,2012,2,1820.0,700.0,53.52,5.56,39.89
1141391,MA,2012,3,1918.0,772.0,55.5,6.19,41.9
1141391,MA,2013,1,1906.0,766.0,58.07,6.25,50.28
1141391,MA,2013,2,2096.0,848.0,58.62,6.98,53.44
1141391,MA,2013,3,2218.0,879.0,56.24,7.3,62.65
1141391,MA,2014,1,2177.0,870.0,58.98,0.73,69.72
1141391,MA,2014,2,2377.0,931.0,58.19,0.8,68.67
1141391,MA,2014,3,2503.0,1015.0,56.73,0.88,69.19
1141391,MA,2015,1,2230.0,1020.0,60.58,0.89,81.14
1141391,MA,2015,2,2390.0,921.0,52.34,0.81,87.96
1141391,MA,2015,3,2530.0,977.0,54.15,0.86,84.94
1141391,MA,2016,1,2446.0,959.0,55.12,0.86,89.4
1141391,MA,2016,2,2694.0,983.0,51.24,0.89,83.48
1141391,MA,2016,3,2880.0,1184.0,57.99,1.08,96.68
1141391,MA,2017,1,2734.0,1081.0,55.09,1.0,107.27
1141391,MA,2017,2,3053.0,1177.0,54.14,1.1,116.06
1141391,MA,2017,3,3398.0,1430.0,57.11,1.34,135.19
1141391,MA,2018,1,3580.0,1492.0,51.01,1.42,168.22
1141391,MA,2018,2,3665.0,1569.0,52.85,1.5,189.01
1141391,MA,2018,3,3898.0,1899.0,58.7,1.83,214.37
1141391,MA,2019,1,3889.0,1862.0,56.89,1.81,227.39
1141391,MA,2019,2,4113.0,2048.0,58.25,2.01,255.83
1141391,MA,2019,3,4467.0,2108.0,59.47,2.08,262.96
1141391,MA,2020,1,4009.0,1693.0,55.1,1.68,234.49
1141391,MA,2020,2,3335.0,1420.0,51.2,1.41,287.49
1141391,MA,2020,3,3837.0,1513.0,54.89,1.51,329.23
1141391,MA,2021,1,4155.0,1828.0,52.9,1.84,347.48
1141391,MA,2021,2,4528.0,2066.0,51.66,2.09,356.72
1141391,MA,2021,3,4985.0,2414.0,54.49,2.45,340.11
1141391,MA,2022,1,5167.0,2631.0,57.07,2.69,350.5
1141391,MA,2022,2,5497.0,2275.0,54.9,2.34,309.84
1141391,MA,2022,3,5756.0,2499.0,54.04,2.59,279.68
1141391,MA,2023,1,5748.0,2361.0,54.55,2.48,358.61
1141391,MA,2023,2,6269.0,2845.0,58.36,3.01,388.72
1141391,MA,2023,3,6533.0,3198.0,58.83,3.4,391.86
1141391,MA,2024,1,6348.0,3011.0,56.79,3.23,478.09
1141391,MA,2024,2,6961.0,3258.0,58.0,3.51,438.58
1141391,MA,2024,3,7369.0,3263.0,54.33,3.54,491.64
1103982,MDLZ,2001,2,8692.0,505.0,15.71,0.33,11.43
1103982,MDLZ,2001,3,8056.0,503.0,14.6,0.29,12.67
1103982,MDLZ,2002,1,7147.0,693.0,18.24,0.4,14.35
1103982,MDLZ,2002,2,7513.0,901.0,21.55,0.52,15.26
1103982,MDLZ,2002,3,7216.0,869.0,21.62,0.5,13.64
1103982,MDLZ,2003,1,7359.0,848.0,20.23,0.49,10.64
1103982,MDLZ,2003,2,7841.0,949.0,20.78,0.55,12.34
1103982,MDLZ,2003,3,7480.0,810.0,18.87,0.47,11.25
1103982,MDLZ,2004,1,7693.0,560.0,12.85,0.33,12.35
1103982,MDLZ,2004,2,8205.0,698.0,15.13,0.41,12.29
1103982,MDLZ,2004,3,7831.0,779.0,16.0,0.46,12.39
1103982,MDLZ,2005,1,8059.0,713.0,14.36,0.42,13.06
1103982,MDLZ,2005,2,8334.0,472.0,15.0,0.28,12.65
1103982,MDLZ,2005,3,8057.0,674.0,14.25,0.4,12.26
1103982,MDLZ,2006,1,8123.0,1006.0,12.53,0.61,12.34
1103982,MDLZ,2006,2,8619.0,682.0,13.66,0.41,12.67
1103982,MDLZ,2006,3,8243.0,748.0,16.47,0.46,14.73
1103982,MDLZ,2007,1,8586.0,702.0,13.07,0.43,13.28
1103982,MDLZ,2007,2,9205.0,707.0,12.91,0.44,14.89
1103982,MDLZ,2007,3,9054.0,596.0,10.83,0.38,14.7
1103982,MDLZ,2008,1,10372.0,608.0,11.23,0.4,13.43
1103982,MDLZ,2008,2,11176.0,732.0,13.52,0.49,12.44
1103982,MDLZ,2008,3,10462.0,1398.0,9.9,0.95,14.44
1103982,MDLZ,2009,1,9396.0,660.0,13.5,0.45,10.06
1103982,MDLZ,2009,2,10162.0,827.0,15.06,0.56,11.57
1103982,MDLZ,2009,3,9803.0,824.0,14.47,0.56,12.13
1103982,MDLZ,2010,1,11318.0,1883.0,10.65,1.16,14.24
1103982,MDLZ,2010,2,12253.0,937.0,13.89,0.54,13.32
1103982,MDLZ,2010,3,11863.0,754.0,12.79,0.43,14.82
1103982,MDLZ,2011,1,12573.0,799.0,13.09,0.45,15.34
1103982,MDLZ,2011,2,13878.0,976.0,13.01,0.55,17.37
1103982,MDLZ,2011,3,13226.0,922.0,12.83,0.52,16.7
1103982,MDLZ,2012,1,13093.0,813.0,12.91,0.46,19.19
1103982,MDLZ,2012,2,13286.0,1029.0,14.15,0.58,19.65
1103982,MDLZ,2012,3,12909.0,652.0,12.79,0.37,21.2
1103982,MDLZ,2013,1,8744.0,568.0,9.54,0.32,23.87
1103982,MDLZ,2013,2,8595.0,616.0,10.07,0.34,22.34
1103982,MDLZ,2013,3,8472.0,1024.0,14.9,0.58,24.71
1103982,MDLZ,2014,1,8641.0,163.0,9.76,0.1,27.4
1103982,MDLZ,2014,2,8436.0,622.0,11.35,0.37,29.94
1103982,MDLZ,2014,3,8337.0,899.0,10.23,0.53,27.4
1103982,MDLZ,2015,1,7762.0,324.0,10.45,0.2,29.09
1103982,MDLZ,2015,2,7661.0,406.0,10.97,0.25,33.28
1103982,MDLZ,2015,3,6849.0,7266.0,113.9,4.52,34.01
1103982,MDLZ,2016,1,6455.0,554.0,11.18,0.35,32.85
1103982,MDLZ,2016,2,6302.0,464.0,10.13,0.3,37.42
1103982,MDLZ,2016,3,6396.0,548.0,10.97,0.35,36.25
1103982,MDLZ,2017,1,6414.0,630.0,13.1,0.41,35.88
1103982,MDLZ,2017,2,5986.0,498.0,10.71,0.33,36.13
1103982,MDLZ,2017,3,6530.0,992.0,18.08,0.66,34.2
1103982,MDLZ,2018,1,6765.0,938.0,18.09,0.63,35.47
1103982,MDLZ,2018,2,6112.0,323.0,7.87,0.22,35.04
1103982,MDLZ,2018,3,6288.0,1194.0,11.72,0.81,36.93
1103982,MDLZ,2019,1,6538.0,914.0,15.84,0.63,43.43
1103982,MDLZ,2019,2,6062.0,807.0,16.91,0.56,47.11
1103982,MDLZ,2019,3,6355.0,1423.0,13.78,0.98,48.6
1103982,MDLZ,2020,1,6707.0,753.0,12.77,0.53,44.49
1103982,MDLZ,2020,2,5911.0,545.0,12.07,0.38,45.68
1103982,MDLZ,2020,3,6665.0,1119.0,17.03,0.78,51.62
1103982,MDLZ,2021,1,7238.0,961.0,17.73,0.68,53.15
1103982,MDLZ,2021,2,6642.0,1078.0,13.13,0.77,56.98
1103982,MDLZ,2021,3,7182.0,1258.0,18.01,0.9,53.42
1103982,MDLZ,2022,1,7764.0,855.0,14.09,0.62,58.27
1103982,MDLZ,2022,2,7274.0,747.0,12.74,0.54,57.96
1103982,MDLZ,2022,3,7763.0,532.0,8.75,0.39,51.52
1103982,MDLZ,2023,1,9166.0,2081.0,16.41,1.52,66.25
1103982,MDLZ,2023,2,8507.0,944.0,16.74,0.69,69.68
1103982,MDLZ,2023,3,9029.0,984.0,15.27,0.72,66.7
1103982,MDLZ,2024,1,9290.0,1412.0,29.37,1.05,68.09
1103982,MDLZ,2024,2,8343.0,601.0,10.23,0.45,64.06
1103982,MDLZ,2024,3,9204.0,853.0,12.53,0.64,72.58
1326801,META,2012,2,1184.0,-157.0,-62.75,-0.08,30.95
1326801,META,2012,3,1262.0,-59.0,29.87,-0.02,21.56
1326801,META,2013,1,1458.0,219.0,25.57,0.09,25.46
1326801,META,2013,2,1813.0,333.0,31.0,0.14,24.76
1326801,META,2013,3,2016.0,425.0,36.51,0.17,49.99
1326801,META,2014,1,2502.0,642.0,42.96,0.25,59.96
1326801,META,2014,2,2910.0,791.0,47.73,0.31,66.97
1326801,META,2014,3,3203.0,806.0,43.6,0.31,78.67
1326801,META,2015,1,3543.0,512.0,26.33,0.18,81.83
1326801,META,2015,2,4042.0,719.0,31.49,0.26,85.37
1326801,META,2015,3,4501.0,896.0,32.43,0.32,89.48
1326801,META,2016,1,5382.0,1510.0,37.3,0.53,113.56
1326801,META,2016,2,6436.0,2055.0,42.66,0.72,113.74
1326801,META,2016,3,7011.0,2379.0,44.53,0.82,127.67
1326801,META,2017,1,8032.0,3064.0,41.42,1.04,141.38
1326801,META,2017,2,9321.0,3894.0,47.21,1.34,150.27
1326801,META,2017,3,10328.0,4707.0,49.57,1.59,170.07
1326801,META,2018,1,11966.0,4988.0,45.53,1.72,159.04
1326801,META,2018,2,13231.0,5106.0,44.28,1.76,193.41
1326801,META,2018,3,13727.0,5137.0,42.11,1.78,163.69
1326801,META,2019,1,15077.0,2429.0,22.0,0.85,165.91
1326801,META,2019,2,16886.0,2616.0,27.39,0.92,192.09
1326801,META,2019,3,17652.0,6091.0,41.0,2.12,177.24
1326801,META,2020,1,17737.0,4902.0,33.22,1.72,166.02
1326801,META,2020,2,18687.0,5178.0,31.9,1.82,226.0
1326801,META,2020,3,21470.0,7846.0,37.44,2.75,260.67
1326801,META,2021,1,26171.0,9497.0,43.0,3.3,293.15
1326801,META,2021,2,29077.0,10394.0,42.52,3.67,346.08
1326801,META,2021,3,29010.0,9194.0,35.92,3.27,337.8
1326801,META,2022,1,27908.0,7465.0,30.54,2.74,221.32
1326801,META,2022,2,28822.0,6687.0,28.99,2.47,160.49
1326801,META,2022,3,27714.0,4395.0,20.43,1.64,135.04
1326801,META,2023,1,28645.0,5709.0,25.21,2.21,210.95
1326801,META,2023,2,31999.0,7788.0,29.35,3.03,285.63
1326801,META,2023,3,34146.0,11583.0,40.24,4.5,298.8
1326801,META,2024,1,36455.0,12369.0,37.9,4.86,483.81
1326801,META,2024,2,39071.0,13465.0,38.0,5.31,502.89
1326801,META,2024,3,40589.0,15688.0,42.76,6.2,571.47
66740,MMM,2001,1,4170.0,453.0,17.67,1.14,22.26
66740,MMM,2001,2,4079.0,202.0,8.19,0.51,24.57
66740,MMM,2001,3,3967.0,394.0,15.63,1.0,21.31
66740,MMM,2002,1,3890.0,452.0,18.32,1.16,25.17
66740,MMM,2002,2,4161.0,466.0,16.48,1.19,27.05
66740,MMM,2002,3,4143.0,545.0,20.54,1.4,24.3
66740,MMM,2003,1,4318.0,502.0,18.08,1.29,29.02
66740,MMM,2003,2,4580.0,619.0,20.92,1.58,28.94
66740,MMM,2003,3,4616.0,663.0,22.33,0.85,31.14
66740,MMM,2004,1,4939.0,722.0,22.6,0.92,37.24
66740,MMM,2004,2,5012.0,773.0,23.7,0.99,41.12
66740,MMM,2004,3,4969.0,775.0,23.8,0.99,36.7
66740,MMM,2005,1,5166.0,809.0,23.7,1.05,39.7
66740,MMM,2005,2,5294.0,776.0,24.2,1.01,33.68
66740,MMM,2005,3,5382.0,853.0,24.0,1.12,34.37
66740,MMM,2006,1,5595.0,899.0,24.5,1.19,35.88
66740,MMM,2006,2,5688.0,882.0,20.66,1.17,38.49
66740,MMM,2006,3,5858.0,894.0,22.91,1.2,35.69
66740,MMM,2007,1,5937.0,1368.0,35.4,1.88,37.1
66740,MMM,2007,2,6142.0,917.0,22.73,1.28,42.36
66740,MMM,2007,3,6177.0,960.0,23.07,1.34,45.93
66740,MMM,2008,1,6463.0,988.0,23.22,1.4,39.32
66740,MMM,2008,2,6739.0,945.0,21.5,1.35,34.8
66740,MMM,2008,3,6558.0,991.0,23.07,1.43,34.4
66740,MMM,2009,1,5089.0,518.0,15.78,0.75,25.51
66740,MMM,2009,2,5719.0,783.0,20.84,1.12,31.11
66740,MMM,2009,3,6193.0,957.0,23.86,1.36,38.48
66740,MMM,2010,1,6348.0,930.0,22.76,1.31,44.15
66740,MMM,2010,2,6731.0,1121.0,23.71,1.57,41.99
66740,MMM,2010,3,6874.0,1106.0,22.93,1.55,46.38
66740,MMM,2011,1,7311.0,1081.0,21.58,1.52,50.63
66740,MMM,2011,2,7680.0,1160.0,21.55,1.63,51.66
66740,MMM,2011,3,7531.0,1088.0,21.0,1.54,39.37
66740,MMM,2012,1,7486.0,1125.0,21.83,1.61,49.6
66740,MMM,2012,2,7534.0,1167.0,22.94,1.68,50.16
66740,MMM,2012,3,7497.0,1161.0,22.38,1.68,52.07
66740,MMM,2013,1,7634.0,1129.0,21.56,1.63,60.66
66740,MMM,2013,2,7752.0,1197.0,21.94,1.74,62.75
66740,MMM,2013,3,7916.0,1230.0,21.95,1.81,68.91
66740,MMM,2014,1,7831.0,1207.0,21.91,1.83,79.18
66740,MMM,2014,2,8134.0,1267.0,22.83,1.94,84.12
66740,MMM,2014,3,8137.0,1303.0,23.37,2.02,83.7
66740,MMM,2015,1,7578.0,1199.0,22.82,1.88,98.58
66740,MMM,2015,2,7686.0,1300.0,23.93,2.06,92.8
66740,MMM,2015,3,7712.0,1296.0,24.33,2.09,85.86
66740,MMM,2016,1,7409.0,1275.0,24.12,2.1,102.31
66740,MMM,2016,2,7662.0,1291.0,24.34,2.13,108.24
66740,MMM,2016,3,7709.0,1329.0,24.72,2.2,109.6
66740,MMM,2017,1,7685.0,1323.0,23.09,2.21,120.54
66740,MMM,2017,2,7810.0,1583.0,27.97,2.65,131.94
66740,MMM,2017,3,8172.0,1429.0,24.98,2.39,133.79
66740,MMM,2018,1,8278.0,602.0,12.16,1.01,141.46
66740,MMM,2018,2,8390.0,1857.0,28.63,3.14,127.63
66740,MMM,2018,3,8152.0,1543.0,24.72,2.64,137.62
66740,MMM,2019,1,7863.0,891.0,14.45,1.54,137.58
66740,MMM,2019,2,8171.0,1127.0,20.82,1.95,115.76
66740,MMM,2019,3,7991.0,1583.0,25.14,2.75,110.79
66740,MMM,2020,1,8075.0,1292.0,20.6,2.24,93.63
66740,MMM,2020,2,7176.0,1290.0,24.23,2.24,108.06
66740,MMM,2020,3,8350.0,1413.0,22.86,2.45,111.97
66740,MMM,2021,1,8851.0,1624.0,22.52,2.8,136.97
66740,MMM,2021,2,8950.0,1524.0,22.02,2.62,142.24
66740,MMM,2021,3,8942.0,1434.0,19.99,2.47,126.58
66740,MMM,2022,1,8829.0,1299.0,18.58,2.27,109.35
66740,MMM,2022,2,8702.0,78.0,1.26,0.14,96.01
66740,MMM,2022,3,8619.0,3859.0,48.22,6.79,82.82
66740,MMM,2023,1,8031.0,976.0,15.44,1.77,80.76
66740,MMM,2023,2,8325.0,-6841.0,-107.6,-12.35,78.07
66740,MMM,2023,3,8312.0,-2075.0,-31.94,-3.74,74.12
66740,MMM,2024,1,8003.0,928.0,18.74,1.67,86.71
66740,MMM,2024,2,6255.0,1145.0,20.33,2.07,100.61
66740,MMM,2024,3,6294.0,1372.0,20.91,2.49,135.31
789019,MSFT,2001,1,6456.0,2451.0,46.4,0.46,16.79
789019,MSFT,2001,3,6126.0,1283.0,47.29,0.24,15.71
789019,MSFT,2001,4,7741.0,2283.0,36.68,0.42,20.34
789019,MSFT,2002,1,7245.0,2738.0,45.49,0.51,18.52
789019,MSFT,2002,3,7746.0,2726.0,52.31,0.51,13.43
789019,MSFT,2002,4,8541.0,2552.0,38.15,0.48,15.88
789019,MSFT,2003,1,7835.0,2794.0,47.43,0.26,14.92
789019,MSFT,2003,3,8215.0,2614.0,38.35,0.24,17.13
789019,MSFT,2003,4,10153.0,1549.0,14.53,0.14,16.96
789019,MSFT,2004,1,9175.0,1315.0,13.92,0.12,15.45
789019,MSFT,2004,3,9189.0,2528.0,38.0,0.23,17.18
789019,MSFT,2004,4,10818.0,3463.0,43.9,0.32,18.51
789019,MSFT,2005,1,9620.0,2563.0,34.6,0.24,16.79
789019,MSFT,2005,3,9741.0,3141.0,41.52,0.29,17.98
789019,MSFT,2005,4,11837.0,3653.0,39.31,0.35,18.33
789019,MSFT,2006,1,10900.0,2977.0,35.69,0.29,19.14
789019,MSFT,2006,3,10811.0,3478.0,41.38,0.35,19.38
789019,MSFT,2006,4,12542.0,2626.0,27.68,0.27,21.24
789019,MSFT,2007,3,14398.0,4926.0,45.78,0.51,21.17
789019,MSFT,2007,4,16367.0,4707.0,39.6,0.5,25.66
789019,MSFT,2008,3,14454.0,4388.0,30.5,0.47,19.46
789019,MSFT,2008,4,16629.0,4174.0,35.71,0.47,14.27
789019,MSFT,2009,1,13648.0,2977.0,32.5,0.33,13.58
789019,MSFT,2009,3,12920.0,3574.0,34.66,0.4,19.24
789019,MSFT,2009,4,19022.0,6662.0,44.76,0.75,22.9
789019,MSFT,2010,1,14503.0,4006.0,35.67,0.46,22.11
789019,MSFT,2010,3,16195.0,5410.0,43.92,0.63,18.67
789019,MSFT,2010,4,19953.0,6634.0,40.95,0.78,21.41
789019,MSFT,2011,1,16428.0,5232.0,34.76,0.62,19.59
789019,MSFT,2011,3,17372.0,5738.0,41.46,0.68,19.45
789019,MSFT,2011,4,20885.0,6624.0,38.27,0.79,20.44
789019,MSFT,2012,1,17407.0,5108.0,36.63,0.61,25.57
789019,MSFT,2012,3,16008.0,4466.0,33.18,0.53,23.9
789019,MSFT,2012,4,21456.0,6377.0,36.2,0.76,21.63
789019,MSFT,2013,1,20489.0,6055.0,37.16,0.72,23.36
789019,MSFT,2013,3,18529.0,5244.0,34.17,0.63,27.55
789019,MSFT,2013,4,24519.0,6558.0,32.5,0.79,31.2
789019,MSFT,2014,1,20403.0,5660.0,34.16,0.68,34.45
789019,MSFT,2014,3,23201.0,4540.0,25.19,0.55,39.48
789019,MSFT,2014,4,26470.0,5863.0,29.37,0.71,39.81
789019,MSFT,2015,1,21729.0,4985.0,30.33,0.61,35.09
789019,MSFT,2015,3,20379.0,4620.0,28.44,0.58,38.7
789019,MSFT,2015,4,23796.0,4998.0,25.33,0.63,48.84
789019,MSFT,2016,1,20531.0,3756.0,25.74,0.48,48.97
789019,MSFT,2016,3,20453.0,4690.0,25.53,0.6,51.75
789019,MSFT,2016,4,24090.0,5200.0,25.63,0.67,56.2
789019,MSFT,2017,1,22090.0,4801.0,25.33,0.62,59.93
789019,MSFT,2017,3,24538.0,6576.0,31.42,0.85,68.53
789019,MSFT,2018,1,28918.0,-6302.0,30.02,-0.82,84.79
789019,MSFT,2018,3,29084.0,8824.0,34.23,1.15,107.12
789019,MSFT,2019,1,30571.0,8809.0,33.83,1.15,111.42
789019,MSFT,2019,2,32471.0,8420.0,31.6,1.09,127.02
789019,MSFT,2019,3,33055.0,10678.0,38.39,1.4,132.26
789019,MSFT,2019,4,36906.0,11649.0,37.65,1.53,150.54
789019,MSFT,2020,1,35021.0,10752.0,37.03,1.41,150.96
789019,MSFT,2020,3,37154.0,13893.0,42.73,1.84,202.37
789019,MSFT,2020,4,43076.0,15463.0,41.56,2.05,214.56
789019,MSFT,2021,1,41706.0,15457.0,40.89,2.05,227.97
789019,MSFT,2021,4,51728.0,18765.0,43.0,2.5,327.16
789019,MSFT,2022,1,49360.0,16728.0,41.25,2.23,300.53
789019,MSFT,2022,3,50122.0,17556.0,42.93,2.35,228.04
789019,MSFT,2022,4,52747.0,16425.0,38.69,2.2,235.48
789019,MSFT,2023,1,52857.0,18299.0,42.29,2.46,283.79
789019,MSFT,2023,3,56517.0,22291.0,47.57,3.0,312.15
789019,MSFT,2023,4,62020.0,21870.0,43.57,2.94,372.5
789019,MSFT,2024,1,61858.0,21939.0,44.57,2.95,417.53
789019,MSFT,2024,3,65585.0,24667.0,46.6,3.32,428.58
789019,MSFT,2024,4,69632.0,24108.0,45.47,3.24,420.66
1045810,NVDA,2001,1,240.93,25.87,13.05,0.37,0.25
1045810,NVDA,2001,3,260.26,33.58,17.41,0.47,0.21
1045810,NVDA,2002,1,582.91,83.25,20.11,0.55,0.34
1045810,NVDA,2002,3,427.29,5.25,1.44,0.03,0.07
1045810,NVDA,2003,2,404.98,19.75,6.51,0.12,0.18
1045810,NVDA,2003,3,486.07,6.36,3.16,0.04,0.12
1045810,NVDA,2004,1,471.91,21.35,5.06,0.13,0.2
1045810,NVDA,2004,2,456.06,5.12,0.83,0.03,0.16
1045810,NVDA,2004,3,515.59,25.88,5.58,0.16,0.11
1045810,NVDA,2005,2,574.81,74.84,13.92,0.44,0.2
1045810,NVDA,2005,3,583.42,65.25,12.26,0.38,0.26
1045810,NVDA,2006,1,583.85,64.44,13.05,0.38,0.44
1045810,NVDA,2006,2,681.81,90.68,14.77,0.26,0.33
1045810,NVDA,2006,3,687.52,86.75,13.94,0.25,0.45
1045810,NVDA,2007,1,844.28,132.26,16.73,0.37,0.44
1045810,NVDA,2007,3,935.25,172.73,19.76,0.47,0.83
1045810,NVDA,2007,4,1115.6,235.66,22.22,0.42,0.78
1045810,NVDA,2008,1,1153.39,176.81,17.6,0.32,0.45
1045810,NVDA,2008,3,892.68,-120.93,-17.41,-0.22,0.25
1045810,NVDA,2009,1,664.23,-201.34,-34.76,-0.37,0.23
1045810,NVDA,2009,2,776.52,-105.3,-14.18,-0.19,0.26
1045810,NVDA,2009,3,903.21,107.58,11.93,0.2,0.34
1045810,NVDA,2010,1,1001.81,137.59,14.72,0.24,0.4
1045810,NVDA,2010,3,811.21,-140.96,-21.58,-0.25,0.27
1045810,NVDA,2011,1,962.04,135.22,16.1,0.23,0.42
1045810,NVDA,2011,2,1016.52,151.57,17.11,0.25,0.37
1045810,NVDA,2011,3,1066.18,178.27,18.48,0.29,0.29
1045810,NVDA,2012,1,924.88,60.44,7.88,0.1,0.35
1045810,NVDA,2012,2,1044.27,119.05,13.37,0.19,0.32
1045810,NVDA,2012,3,1204.11,209.08,20.92,0.34,0.31
1045810,NVDA,2013,1,954.74,77.89,8.67,0.13,0.3
1045810,NVDA,2013,3,977.24,96.45,10.8,0.16,0.36
1045810,NVDA,2014,1,1102.79,136.52,13.73,0.24,0.42
1045810,NVDA,2015,1,1151.0,134.0,15.28,0.24,0.5
1045810,NVDA,2015,2,1102.82,127.98,14.8,0.23,0.49
1045810,NVDA,2015,3,1225.38,172.97,17.41,0.32,0.6
1045810,NVDA,2016,1,1305.0,196.0,18.78,0.33,0.87
1045810,NVDA,2016,3,1428.0,253.0,22.2,0.4,1.69
1045810,NVDA,2017,1,1937.0,507.0,28.6,0.79,2.69
1045810,NVDA,2017,3,2636.0,838.0,33.94,1.39,4.42
1045810,NVDA,2018,1,3207.0,1244.0,40.4,1.98,5.73
1045810,NVDA,2018,2,2230.0,583.0,30.85,0.98,5.87
1045810,NVDA,2018,3,3181.0,1230.0,33.26,1.97,6.96
1045810,NVDA,2019,1,2220.0,394.0,16.13,0.65,4.46
1045810,NVDA,2019,3,2579.0,552.0,22.13,0.9,4.33
1045810,NVDA,2020,1,3080.0,917.0,31.69,1.47,6.57
1045810,NVDA,2020,2,3866.0,622.0,16.85,1.01,9.47
1045810,NVDA,2020,3,4726.0,1336.0,29.57,2.16,13.49
1045810,NVDA,2021,3,6507.0,2374.0,37.55,0.95,20.68
1045810,NVDA,2022,1,5661.0,1912.0,34.55,3.08,27.24
1045810,NVDA,2022,2,8288.0,1618.0,22.54,0.64,15.14
1045810,NVDA,2022,3,6704.0,656.0,7.45,0.26,12.13
1045810,NVDA,2023,1,7192.0,2043.0,29.74,0.83,27.76
1045810,NVDA,2023,2,13507.0,6188.0,50.31,2.5,42.28
1045810,NVDA,2023,3,18120.0,9243.0,57.46,3.75,43.48
1045810,NVDA,2024,1,26044.0,14881.0,64.92,5.98,90.33
1045810,NVDA,2024,3,30040.0,16599.0,62.04,0.68,121.42
77476,PEP,2001,1,4539.0,498.0,16.3,0.34,23.73
77476,PEP,2001,2,5281.0,652.0,17.2,0.45,23.94
77476,PEP,2001,3,6906.0,627.0,14.1,0.35,26.35
77476,PEP,2002,1,5101.0,651.0,18.6,0.37,28.15
77476,PEP,2002,2,6178.0,888.0,20.13,0.5,26.42
77476,PEP,2002,3,6376.0,969.0,20.7,0.55,20.33
77476,PEP,2003,1,5530.0,777.0,20.5,0.45,22.18
77476,PEP,2003,2,12068.0,1786.0,20.9,1.04,24.76
77476,PEP,2003,3,18898.0,2863.0,21.0,1.66,25.59
77476,PEP,2004,1,6131.0,804.0,18.4,0.46,30.26
77476,PEP,2004,2,13201.0,1863.0,19.3,1.07,30.41
77476,PEP,2004,3,20458.0,3227.0,19.86,1.9,27.58
77476,PEP,2005,1,6585.0,912.0,18.9,0.53,30.33
77476,PEP,2005,2,14282.0,2106.0,19.6,1.25,30.99
77476,PEP,2005,3,8184.0,864.0,20.53,0.52,32.74
77476,PEP,2006,1,7205.0,1019.0,18.7,0.61,33.66
77476,PEP,2006,2,15804.0,2377.0,19.7,1.43,35.14
77476,PEP,2006,3,8950.0,1481.0,20.3,0.88,38.37
77476,PEP,2007,1,7350.0,1096.0,19.3,0.65,37.73
77476,PEP,2007,2,16957.0,2653.0,19.9,1.62,38.71
77476,PEP,2007,3,10171.0,1743.0,20.3,1.08,43.97
77476,PEP,2008,1,8333.0,1148.0,18.64,0.7,43.78
77476,PEP,2008,2,19278.0,2847.0,19.4,1.76,38.81
77476,PEP,2008,3,11244.0,1576.0,17.65,1.01,43.76
77476,PEP,2009,1,8263.0,1135.0,19.2,0.73,32.14
77476,PEP,2009,2,18855.0,2795.0,20.0,1.78,34.59
77476,PEP,2009,3,29935.0,4512.0,20.1,2.87,37.22
77476,PEP,2010,1,9368.0,1430.0,8.96,0.9,42.58
77476,PEP,2010,2,24169.0,3033.0,13.65,1.9,39.53
77476,PEP,2010,3,39683.0,4955.0,15.38,3.11,43.41
77476,PEP,2011,1,11937.0,1143.0,14.5,0.72,42.73
77476,PEP,2011,2,28764.0,3049.0,15.57,1.91,47.06
77476,PEP,2011,3,46346.0,5028.0,15.94,3.14,41.69
77476,PEP,2012,1,12428.0,1127.0,13.9,0.71,45.42
77476,PEP,2012,3,45538.0,4517.0,15.1,2.86,49.19
77476,PEP,2012,4,16458.0,1488.0,14.43,0.95,47.94
77476,PEP,2013,1,12581.0,1075.0,13.17,0.69,55.81
77476,PEP,2013,2,29388.0,3085.0,15.4,1.97,58.11
77476,PEP,2013,3,46297.0,4998.0,15.1,3.2,56.88
77476,PEP,2014,1,12623.0,1216.0,14.3,0.79,60.58
77476,PEP,2014,2,29517.0,3194.0,15.93,2.08,65.3
77476,PEP,2014,3,46735.0,5202.0,16.15,3.4,68.53
77476,PEP,2015,1,12217.0,1221.0,14.7,0.81,71.33
77476,PEP,2015,2,28140.0,3201.0,16.7,2.14,70.14
77476,PEP,2015,3,16331.0,533.0,8.67,0.36,71.41
77476,PEP,2016,1,11862.0,931.0,13.7,0.64,78.71
77476,PEP,2016,2,27257.0,2936.0,16.81,2.01,81.98
77476,PEP,2016,3,43284.0,4928.0,17.11,3.39,84.76
77476,PEP,2017,1,12049.0,1318.0,16.0,0.91,88.42
77476,PEP,2017,2,27759.0,3423.0,17.7,2.38,91.91
77476,PEP,2017,3,16240.0,2144.0,18.4,1.5,89.3
77476,PEP,2018,1,12562.0,1343.0,14.4,0.94,88.73
77476,PEP,2018,2,28652.0,3163.0,16.88,2.23,89.32
77476,PEP,2018,3,45137.0,5661.0,17.01,3.97,92.48
77476,PEP,2019,1,12884.0,1413.0,15.6,1.0,103.01
77476,PEP,2019,2,29333.0,3448.0,16.16,2.46,111.03
77476,PEP,2019,3,17188.0,2100.0,16.61,1.5,116.88
77476,PEP,2020,1,13881.0,1338.0,13.9,0.96,103.8
77476,PEP,2020,2,29826.0,2984.0,14.23,2.15,115.2
77476,PEP,2020,3,47917.0,5275.0,15.14,3.79,121.59
77476,PEP,2021,1,14820.0,1714.0,15.6,1.24,125.97
77476,PEP,2021,2,34037.0,4072.0,15.98,2.94,132.92
77476,PEP,2021,3,20189.0,2224.0,15.64,1.61,135.86
77476,PEP,2022,1,16200.0,4261.0,32.5,3.08,153.21
77476,PEP,2022,2,36425.0,5690.0,20.16,4.09,153.61
77476,PEP,2022,3,21971.0,2702.0,15.26,1.96,151.49
77476,PEP,2023,1,17846.0,1932.0,14.7,1.4,171.36
77476,PEP,2023,2,40168.0,4680.0,15.65,3.4,175.32
77476,PEP,2023,3,23453.0,3092.0,17.12,2.25,161.51
77476,PEP,2024,1,18250.0,2042.0,14.9,1.48,169.38
77476,PEP,2024,2,40751.0,5125.0,16.6,3.71,160.88
77476,PEP,2024,3,23319.0,2930.0,16.6,2.13,167.14
80424,PG,2001,1,9511.0,893.0,13.7,0.63,16.38
80424,PG,2001,3,9766.0,1104.0,18.0,0.83,19.26
80424,PG,2001,4,10403.0,1299.0,17.92,0.98,21.05
80424,PG,2002,1,9900.0,1039.0,16.7,0.74,24.08
80424,PG,2002,3,10796.0,1464.0,20.2,1.1,24.3
80424,PG,2002,4,11005.0,1494.0,20.4,1.13,23.47
80424,PG,2003,1,10656.0,1273.0,18.4,0.91,24.44
80424,PG,2003,3,12195.0,1761.0,21.7,1.33,25.72
80424,PG,2003,4,13221.0,1818.0,20.7,1.38,27.81
80424,PG,2004,1,13029.0,1528.0,17.7,1.09,29.34
80424,PG,2004,3,13744.0,2001.0,20.9,0.73,30.57
80424,PG,2005,1,14287.0,1720.0,18.8,0.67,30.21
80424,PG,2005,2,14452.0,2039.0,21.2,0.79,30.22
80424,PG,2005,3,14793.0,2029.0,20.7,0.77,34.24
80424,PG,2005,4,18337.0,2546.0,21.2,0.76,33.5
80424,PG,2006,1,17250.0,2211.0,19.4,0.63,33.52
80424,PG,2006,3,18785.0,2698.0,21.6,0.79,36.45
80424,PG,2006,4,19725.0,2862.0,22.1,0.84,37.98
80424,PG,2007,1,18694.0,2512.0,19.5,0.74,37.51
80424,PG,2007,3,20199.0,3079.0,21.9,0.92,42.24
80424,PG,2007,4,21575.0,3270.0,21.9,0.98,44.31
80424,PG,2008,1,20463.0,2710.0,20.1,0.82,42.5
80424,PG,2008,3,22026.0,3348.0,21.3,1.03,42.78
80424,PG,2008,4,20368.0,5004.0,20.9,1.58,38.19
80424,PG,2009,1,18417.0,2613.0,20.3,0.84,29.29
80424,PG,2009,3,19807.0,3307.0,22.5,1.06,36.63
80424,PG,2009,4,21027.0,4659.0,22.1,1.49,38.64
80424,PG,2010,1,19178.0,2585.0,20.7,0.83,40.61
80424,PG,2010,3,20122.0,3081.0,22.4,1.02,39.09
80424,PG,2010,4,21347.0,3333.0,20.0,1.11,42.26
80424,PG,2011,1,20230.0,2873.0,18.6,0.96,40.76
80424,PG,2011,3,21917.0,3024.0,19.8,1.03,42.5
80424,PG,2011,4,22135.0,1690.0,12.4,0.57,45.24
80424,PG,2012,1,20194.0,2411.0,16.3,0.85,45.94
80424,PG,2012,3,20739.0,2814.0,19.1,1.0,48.23
80424,PG,2012,4,22175.0,4057.0,20.3,1.46,47.59
80424,PG,2013,1,20598.0,2566.0,16.52,0.92,54.46
80424,PG,2013,3,21205.0,3027.0,19.6,1.09,54.22
80424,PG,2013,4,22280.0,3428.0,20.4,1.24,58.85
80424,PG,2014,1,20559.0,2609.0,16.8,0.94,58.7
80424,PG,2014,3,20792.0,2020.0,14.1,0.71,61.97
80424,PG,2015,1,18142.0,2153.0,17.3,0.77,61.54
80424,PG,2015,2,20161.0,2372.0,19.6,0.85,59.23
80424,PG,2015,3,16527.0,2601.0,22.8,0.91,54.91
80424,PG,2015,4,16915.0,3206.0,22.8,1.16,61.15
80424,PG,2016,1,15755.0,2750.0,21.1,1.0,63.94
80424,PG,2016,3,16518.0,2714.0,22.83,0.99,70.84
80424,PG,2016,4,16856.0,7875.0,23.0,2.88,66.88
80424,PG,2017,3,15605.0,2522.0,21.54,0.96,74.08
80424,PG,2017,4,17395.0,2495.0,23.0,0.96,75.37
80424,PG,2018,1,16281.0,2511.0,20.24,0.95,65.53
80424,PG,2018,3,16690.0,3211.0,21.3,1.26,70.06
80424,PG,2018,4,17438.0,3216.0,22.33,1.25,78.06
80424,PG,2019,3,16462.0,2745.0,19.63,1.07,107.91
80424,PG,2019,4,18240.0,3743.0,24.6,1.41,109.05
80424,PG,2020,1,17214.0,2917.0,20.07,1.15,96.61
80424,PG,2020,3,19318.0,4308.0,27.3,1.63,123.66
80424,PG,2020,4,19745.0,3887.0,27.2,1.47,124.48
80424,PG,2021,1,18109.0,3249.0,20.9,1.26,121.89
80424,PG,2021,3,20338.0,4126.0,24.7,1.61,127.43
80424,PG,2021,4,20953.0,4242.0,24.7,1.66,150.03
80424,PG,2022,1,19381.0,3355.0,20.76,1.37,140.9
80424,PG,2022,3,20612.0,3963.0,24.0,1.57,117.83
80424,PG,2022,4,20773.0,3959.0,23.04,1.63,142.46
80424,PG,2023,1,20068.0,3424.0,21.17,1.37,140.63
80424,PG,2023,3,21871.0,4556.0,26.4,1.83,139.7
80424,PG,2023,4,21441.0,3493.0,20.66,1.44,141.23
80424,PG,2024,1,20195.0,3781.0,22.1,1.52,157.36
80424,PG,2024,3,21737.0,3987.0,26.7,1.61,170.08
80424,PG,2024,4,21882.0,4659.0,26.2,1.88,165.6
1318605,TSLA,2010,2,28.41,-38.52,-110.42,-5.04,1.59
1318605,TSLA,2010,3,31.24,-34.94,-121.08,-0.38,1.36
1318605,TSLA,2011,1,49.03,-48.94,-96.63,-0.51,1.85
1318605,TSLA,2011,2,58.17,-58.9,-101.0,-0.6,1.94
1318605,TSLA,2011,3,57.67,-65.08,-111.85,-0.63,1.63
1318605,TSLA,2012,1,30.17,-89.87,-294.3,-0.86,2.48
1318605,TSLA,2012,2,26.65,-105.6,-398.38,-1.0,2.09
1318605,TSLA,2012,3,50.1,-110.8,-216.59,-1.05,1.95
1318605,TSLA,2013,1,561.79,11.25,-0.99,0.1,2.53
1318605,TSLA,2013,2,405.14,-30.5,-2.91,-0.26,7.16
1318605,TSLA,2013,3,431.35,-38.5,-7.09,-0.32,12.89
1318605,TSLA,2014,1,620.54,-49.8,-7.09,-0.4,13.9
1318605,TSLA,2014,2,769.35,-61.9,-3.74,-0.5,16.0
1318605,TSLA,2014,3,851.8,-74.71,-4.59,-0.6,16.18
1318605,TSLA,2015,1,939.88,-154.18,-10.91,-1.22,12.58
1318605,TSLA,2015,2,955.0,-184.23,-17.81,-1.45,17.88
1318605,TSLA,2015,3,936.79,-229.86,-19.62,-1.78,16.56
1318605,TSLA,2016,1,1147.05,-282.27,-21.63,-2.13,15.32
1318605,TSLA,2016,2,1270.02,-293.19,-18.73,-2.09,14.15
1318605,TSLA,2016,3,2298.44,21.88,3.72,0.15,13.6
1318605,TSLA,2017,1,2696.27,-330.28,-9.55,-2.04,18.55
1318605,TSLA,2017,2,2789.56,-336.4,-8.64,-2.04,24.11
1318605,TSLA,2017,3,2984.68,-619.38,-17.94,-3.7,22.74
1318605,TSLA,2018,1,3408.75,-709.55,-17.51,-4.19,17.74
1318605,TSLA,2018,2,4002.23,-717.54,-15.53,-4.22,22.86
1318605,TSLA,2018,3,6824.41,311.52,6.11,1.82,17.65
1318605,TSLA,2019,1,4541.46,-702.14,-11.49,-4.1,18.66
1318605,TSLA,2019,2,6349.68,-408.33,-2.64,-2.31,14.9
1318605,TSLA,2019,3,6303.0,143.0,4.14,0.8,16.06
1318605,TSLA,2020,1,5985.0,16.0,4.73,0.09,34.93
1318605,TSLA,2020,2,6036.0,104.0,5.42,0.56,71.99
1318605,TSLA,2020,3,8771.0,369.0,9.23,0.32,143.0
1318605,TSLA,2021,1,10389.0,438.0,5.72,0.46,222.64
1318605,TSLA,2021,2,11958.0,1142.0,10.97,1.18,226.57
1318605,TSLA,2021,3,13757.0,1659.0,14.57,1.62,258.49
1318605,TSLA,2022,1,18756.0,3318.0,19.21,3.2,359.2
1318605,TSLA,2022,2,16934.0,2269.0,14.55,2.18,224.47
1318605,TSLA,2022,3,21454.0,3331.0,17.19,1.05,265.25
1318605,TSLA,2023,1,23329.0,2513.0,11.43,0.8,207.46
1318605,TSLA,2023,2,24927.0,2703.0,9.62,0.78,261.77
1318605,TSLA,2023,3,23350.0,1853.0,7.55,0.58,250.22
1318605,TSLA,2024,1,21301.0,1129.0,5.5,0.37,175.79
1318605,TSLA,2024,2,25500.0,1478.0,6.29,0.46,197.88
1318605,TSLA,2024,3,25182.0,2167.0,10.79,0.68,261.63
731766,UNH,1999,3,4903.0,144.0,4.9,0.83,4.81
731766,UNH,2000,1,5099.0,174.0,5.35,1.06,5.9
731766,UNH,2000,2,5220.0,170.0,5.52,1.04,8.48
731766,UNH,2000,3,5369.0,182.0,5.75,1.08,9.77
731766,UNH,2001,1,5680.0,212.0,6.4,0.67,11.73
731766,UNH,2001,2,5813.0,223.0,6.6,0.68,12.23
731766,UNH,2001,3,5941.0,231.0,6.7,0.71,13.17
731766,UNH,2002,1,6013.0,295.0,8.0,0.92,15.14
731766,UNH,2002,2,6078.0,325.0,8.6,1.07,18.13
731766,UNH,2002,3,6247.0,353.0,9.2,1.17,17.28
731766,UNH,2003,1,6975.0,403.0,9.4,1.35,18.16
731766,UNH,2003,2,7087.0,439.0,10.0,0.74,19.91
731766,UNH,2003,3,7238.0,476.0,10.5,0.81,19.94
731766,UNH,2004,1,8144.0,554.0,10.8,0.92,25.55
731766,UNH,2004,2,8704.0,596.0,10.9,0.98,24.68
731766,UNH,2004,3,9859.0,698.0,11.1,1.09,29.24
731766,UNH,2005,1,10887.0,779.0,11.5,1.22,37.83
731766,UNH,2005,2,11111.0,809.0,11.8,0.61,41.36
731766,UNH,2005,3,11322.0,842.0,12.2,0.67,44.58
731766,UNH,2006,1,17586.0,899.0,8.4,0.66,44.33
731766,UNH,2006,3,17970.0,1112.0,10.36,0.83,39.05
731766,UNH,2007,1,19047.0,927.0,8.31,0.69,42.06
731766,UNH,2007,2,19000.0,1228.0,10.92,0.93,40.61
731766,UNH,2007,3,18679.0,1283.0,11.55,0.98,38.46
731766,UNH,2008,1,20304.0,994.0,8.44,0.8,27.31
731766,UNH,2008,2,20272.0,337.0,3.32,0.28,20.86
731766,UNH,2008,3,20156.0,920.0,7.92,0.76,20.18
731766,UNH,2009,1,22004.0,984.0,7.58,0.82,16.66
731766,UNH,2009,2,21655.0,859.0,6.65,0.73,19.88
731766,UNH,2009,3,21695.0,1035.0,7.73,0.9,19.93
731766,UNH,2010,1,23193.0,1191.0,8.69,1.04,26.0
731766,UNH,2010,2,23264.0,1123.0,8.17,1.0,22.72
731766,UNH,2010,3,23668.0,1277.0,9.06,1.15,28.19
731766,UNH,2011,1,25432.0,1346.0,8.73,1.24,36.52
731766,UNH,2011,2,25234.0,1267.0,8.32,1.18,41.81
731766,UNH,2011,3,25280.0,1271.0,8.19,1.19,37.51
731766,UNH,2012,1,27282.0,1388.0,8.49,1.34,48.25
731766,UNH,2012,2,27265.0,1337.0,8.17,1.3,48.06
731766,UNH,2012,3,27302.0,1557.0,9.56,1.5,45.71
731766,UNH,2013,1,30340.0,1192.0,7.05,1.17,47.57
731766,UNH,2013,2,30408.0,1436.0,7.89,1.42,54.68
731766,UNH,2013,3,30624.0,1570.0,8.59,1.56,60.03
731766,UNH,2014,1,31708.0,1099.0,6.48,1.12,69.24
731766,UNH,2014,2,32574.0,1408.0,7.83,1.44,69.36
731766,UNH,2014,3,32759.0,1602.0,8.87,1.65,73.49
731766,UNH,2015,1,35756.0,1413.0,7.4,1.46,101.51
731766,UNH,2015,2,36263.0,1585.0,8.0,1.66,105.13
731766,UNH,2015,3,41489.0,1618.0,7.3,1.65,100.4
731766,UNH,2016,1,44527.0,1611.0,6.6,1.67,112.5
731766,UNH,2016,2,46485.0,1754.0,6.9,1.84,123.8
731766,UNH,2016,3,46293.0,1968.0,7.73,2.07,123.32
731766,UNH,2017,1,48723.0,2172.0,7.0,2.23,145.58
731766,UNH,2017,2,50053.0,2284.0,7.5,2.37,165.26
731766,UNH,2017,3,50322.0,2485.0,8.1,2.51,175.22
731766,UNH,2018,1,55188.0,2836.0,7.3,2.94,192.74
731766,UNH,2018,2,56086.0,2922.0,7.5,3.04,221.75
731766,UNH,2018,3,56556.0,3188.0,8.1,3.31,241.27
731766,UNH,2019,1,60308.0,3467.0,8.0,3.56,225.82
731766,UNH,2019,2,60595.0,3293.0,7.8,3.47,223.84
731766,UNH,2019,3,60351.0,3538.0,8.3,3.73,200.29
731766,UNH,2020,1,64421.0,3382.0,7.8,3.52,231.72
731766,UNH,2020,2,62138.0,6637.0,14.9,6.91,275.25
731766,UNH,2020,3,65115.0,3172.0,7.1,3.34,292.14
731766,UNH,2021,1,70196.0,4862.0,9.6,5.08,351.14
731766,UNH,2021,2,71321.0,4266.0,8.4,4.52,379.3
731766,UNH,2021,3,72337.0,4086.0,7.9,4.33,371.41
731766,UNH,2022,1,80149.0,5027.0,8.7,5.27,487.77
731766,UNH,2022,2,80332.0,5070.0,8.9,5.41,493.02
731766,UNH,2022,3,80894.0,5262.0,9.2,5.63,486.3
731766,UNH,2023,1,91931.0,5611.0,8.8,5.95,458.08
731766,UNH,2023,2,92903.0,5474.0,8.7,5.89,467.79
731766,UNH,2023,3,92361.0,5841.0,9.2,6.31,492.62
731766,UNH,2024,1,99796.0,-1409.0,7.9,-1.53,486.91
731766,UNH,2024,2,98855.0,4216.0,8.0,4.58,503.37
731766,UNH,2024,3,100820.0,6055.0,8.6,6.56,579.97
1403161,V,2008,1,1453.0,314.0,24.01,0.39,13.84
1403161,V,2008,3,1613.0,422.0,40.17,0.51,13.64
1403161,V,2008,4,1739.0,574.0,55.57,0.55,11.68
1403161,V,2009,1,1647.0,536.0,53.5,0.71,12.4
1403161,V,2009,2,1646.0,729.0,49.94,0.97,13.91
1403161,V,2009,4,1960.0,763.0,62.19,1.03,19.6
1403161,V,2010,1,1959.0,713.0,57.31,0.97,20.43
1403161,V,2010,2,2029.0,716.0,56.04,0.97,15.9
1403161,V,2010,4,2238.0,884.0,61.02,1.23,15.88
1403161,V,2011,1,2245.0,881.0,61.6,1.24,16.64
1403161,V,2011,2,2322.0,1005.0,57.9,1.43,19.08
1403161,V,2011,4,2547.0,1029.0,63.55,1.5,23.09
1403161,V,2012,1,2578.0,1292.0,62.27,1.92,26.88
1403161,V,2012,2,2565.0,-1839.0,-101.66,-2.74,28.22
1403161,V,2012,4,2846.0,1293.0,63.21,1.94,34.74
1403161,V,2013,1,2958.0,1270.0,62.89,1.93,39.0
1403161,V,2013,2,3001.0,1225.0,60.91,1.89,42.05
1403161,V,2013,4,3155.0,1407.0,65.8,2.21,51.43
1403161,V,2014,1,3163.0,1598.0,64.78,2.53,49.95
1403161,V,2014,2,3155.0,1360.0,64.03,2.17,48.85
1403161,V,2015,1,3382.0,1569.0,66.17,2.53,61.0
1403161,V,2015,2,3518.0,1697.0,64.28,0.69,62.73
1403161,V,2015,4,3565.0,1941.0,67.17,0.8,72.69
1403161,V,2016,1,3626.0,1707.0,67.1,0.71,71.83
1403161,V,2016,2,3630.0,412.0,11.79,0.17,69.79
1403161,V,2017,1,4461.0,2070.0,69.46,0.86,84.1
1403161,V,2017,2,4565.0,2059.0,66.23,0.87,88.9
1403161,V,2017,4,4862.0,2522.0,68.38,1.07,108.45
1403161,V,2018,1,5073.0,2605.0,65.77,1.12,113.98
1403161,V,2018,2,5240.0,2329.0,55.06,1.0,126.41
1403161,V,2018,4,5506.0,2977.0,67.5,1.3,126.34
1403161,V,2019,1,5494.0,2977.0,66.27,1.31,149.82
1403161,V,2019,2,5840.0,3101.0,66.92,1.37,166.73
1403161,V,2019,4,6054.0,3272.0,66.33,1.46,181.07
1403161,V,2020,1,5854.0,3084.0,67.06,1.39,155.49
1403161,V,2020,2,4837.0,2373.0,61.98,1.07,186.73
1403161,V,2020,4,5687.0,3126.0,67.59,1.42,212.08
1403161,V,2021,1,5729.0,3026.0,62.53,1.38,205.61
1403161,V,2021,2,6130.0,2575.0,66.28,1.18,227.4
1403161,V,2021,4,7059.0,3959.0,67.64,1.83,211.41
1403161,V,2022,1,7189.0,3647.0,66.79,1.7,216.7
1403161,V,2022,2,7275.0,3411.0,57.0,1.6,192.76
1403161,V,2022,4,7936.0,4179.0,64.17,1.99,204.22
1403161,V,2023,1,7985.0,4257.0,66.79,2.04,222.05
1403161,V,2023,2,8123.0,4156.0,61.84,2.0,234.34
1403161,V,2023,4,8634.0,4890.0,69.0,2.39,257.94
1403161,V,2024,1,8775.0,4663.0,61.0,2.29,277.01
1403161,V,2024,2,8900.0,4872.0,66.67,2.4,261.01
1403161,V,2025,1,9510.0,5119.0,65.5,2.58,350.46
34088,XOM,2001,2,56184.0,4460.0,12.24,0.66,20.41
34088,XOM,2001,3,52113.0,3180.0,10.06,0.46,18.52
34088,XOM,2002,1,43531.0,2090.0,7.72,0.3,20.84
34088,XOM,2002,2,50909.0,2640.0,8.43,0.4,19.57
34088,XOM,2002,3,54182.0,2640.0,8.3,0.39,15.36
34088,XOM,2003,1,63780.0,7040.0,10.17,1.05,17.05
34088,XOM,2003,2,57165.0,4170.0,7.3,0.63,17.64
34088,XOM,2003,3,59841.0,3650.0,9.97,0.55,18.11
34088,XOM,2004,1,67602.0,5440.0,13.25,0.83,20.85
34088,XOM,2004,2,70693.0,5790.0,13.41,0.89,22.41
34088,XOM,2004,3,76375.0,5680.0,12.48,0.88,24.53
34088,XOM,2005,1,82051.0,7860.0,15.73,1.23,30.56
34088,XOM,2005,3,100717.0,9920.0,15.93,1.6,32.91
34088,XOM,2006,1,88980.0,8400.0,17.36,1.38,31.85
34088,XOM,2006,2,99034.0,10360.0,18.38,1.74,32.27
34088,XOM,2006,3,99593.0,10490.0,18.53,1.79,35.46
34088,XOM,2007,1,87223.0,9280.0,15.58,1.62,40.21
34088,XOM,2007,2,98350.0,10260.0,18.23,1.85,44.9
34088,XOM,2008,1,116854.0,10890.0,17.29,2.05,45.83
34088,XOM,2008,2,138072.0,11680.0,16.09,2.25,47.96
34088,XOM,2008,3,137737.0,14830.0,18.98,2.89,42.48
34088,XOM,2009,1,64028.0,4550.0,12.25,0.92,37.66
34088,XOM,2009,2,74457.0,3950.0,10.09,0.82,38.89
34088,XOM,2009,3,82260.0,4730.0,11.19,0.98,38.4
34088,XOM,2010,1,90251.0,6300.0,13.43,1.33,37.95
34088,XOM,2010,2,92486.0,7560.0,13.73,1.61,32.55
34088,XOM,2010,3,95298.0,7350.0,13.55,1.44,35.5
34088,XOM,2011,1,114004.0,10650.0,16.59,2.14,48.89
34088,XOM,2011,2,125486.0,10680.0,14.83,2.19,47.56
34088,XOM,2011,3,125330.0,10330.0,15.0,2.13,42.73
34088,XOM,2012,1,124053.0,9450.0,14.12,2.0,51.61
34088,XOM,2012,2,127363.0,15910.0,20.57,3.41,51.27
34088,XOM,2012,3,115706.0,9570.0,14.97,2.09,55.15
34088,XOM,2013,1,108807.0,9500.0,14.75,2.12,55.03
34088,XOM,2013,2,106469.0,6860.0,12.0,1.55,55.56
34088,XOM,2014,1,106773.0,9100.0,14.26,2.1,61.32
34088,XOM,2014,2,111647.0,8780.0,12.67,2.05,63.64
34088,XOM,2014,3,107490.0,8070.0,12.47,1.89,59.86
34088,XOM,2015,1,67618.0,4940.0,9.94,1.17,54.9
34088,XOM,2015,2,74113.0,4190.0,9.5,1.0,54.18
34088,XOM,2015,3,67344.0,4240.0,8.54,1.01,48.87
34088,XOM,2016,2,57694.0,1700.0,4.15,0.41,63.25
34088,XOM,2016,3,58677.0,2650.0,5.5,0.63,59.39
34088,XOM,2017,1,63287.0,4010.0,6.09,0.95,56.81
34088,XOM,2017,2,60825.0,3350.0,6.83,0.78,56.45
34088,XOM,2017,3,66165.0,3970.0,8.44,0.93,57.88
34088,XOM,2018,1,68211.0,4650.0,7.13,1.09,53.71
34088,XOM,2018,2,73501.0,3950.0,9.06,0.92,60.16
34088,XOM,2018,3,76605.0,6240.0,11.85,1.46,62.46
34088,XOM,2019,1,63625.0,2350.0,6.74,0.55,60.63
34088,XOM,2019,3,65049.0,3170.0,7.81,0.75,54.26
34088,XOM,2020,1,56158.0,-610.0,-0.46,-0.14,29.95
34088,XOM,2020,2,32605.0,-1080.0,-5.03,-0.26,35.96
34088,XOM,2020,3,46199.0,-680.0,-0.8,-0.15,28.15
34088,XOM,2021,1,59147.0,2730.0,6.51,0.64,47.68
34088,XOM,2021,2,67742.0,4690.0,9.32,1.1,54.66
34088,XOM,2021,3,73786.0,6750.0,13.02,1.57,51.74
34088,XOM,2022,1,90500.0,5480.0,9.45,1.28,74.44
34088,XOM,2022,2,115681.0,17850.0,21.52,4.21,77.98
34088,XOM,2022,3,112070.0,19660.0,22.69,4.68,80.27
34088,XOM,2023,1,86644.0,11430.0,19.41,2.79,102.41
34088,XOM,2023,2,82914.0,7880.0,14.04,1.94,101.03
34088,XOM,2023,3,90760.0,9070.0,15.1,2.25,111.67
34088,XOM,2024,1,83083.0,8220.0,14.88,2.06,112.44
34088,XOM,2024,2,93060.0,9240.0,14.68,2.14,112.27
34088,XOM,2024,3,90016.0,8610.0,14.47,1.92,115.23
