CIK,Year,Quarter,Total Revenue,Net Income,EPS,Operating Margin
0001326801,2012,2,1184.00,-157.00,-0.08,-62.75
0001326801,2012,3,1262.00,-59.00,-0.02,29.87
0001326801,2013,1,1458.00,219.00,0.09,25.57
0001326801,2013,2,1813.00,333.00,0.14,31.00
0001326801,2013,3,2016.00,425.00,0.17,36.51
0000001800,2000,2,3370.15,685.20,0.44,24.97
0000001800,2000,3,3317.90,654.42,0.42,23.66
0000001800,2001,1,3559.88,-223.61,-0.14,-4.60
0000001800,2001,2,4099.12,529.05,0.34,14.60
0000001800,2001,3,4181.19,631.40,0.41,17.81
0000001800,2002,1,4189.29,854.28,0.55,24.94
0000001800,2002,2,4314.89,592.27,0.38,15.83
0000001800,2002,3,4341.24,720.05,0.46,21.03
0000001800,2003,1,4580.46,800.98,0.51,21.40
0000001800,2003,2,4723.64,246.64,0.16,6.89
0000001800,2003,3,4845.88,761.22,0.49,18.80
0000001800,2004,1,5216.05,822.91,0.53,19.79
0000001800,2004,2,4703.05,634.26,0.41,16.93
0000001800,2004,3,4681.67,804.08,0.52,21.85
0000001800,2005,1,5382.68,837.89,0.54,21.11
0000001800,2005,2,5523.80,877.05,0.56,19.80
0000001800,2005,3,5384.00,680.71,0.44,15.43
0000001800,2006,1,5183.46,864.88,0.57,20.52
0000001800,2006,2,5501.12,612.24,0.40,9.87
0000001800,2006,3,5573.77,715.84,0.47,12.37
0000001800,2007,1,5290.28,697.54,0.45,16.60
0000001800,2007,2,6370.62,988.74,0.64,18.62
0000001800,2007,3,6376.71,717.01,0.46,14.53
0000001800,2008,1,6765.60,937.87,0.61,16.96
0000001800,2008,2,7314.02,1322.01,0.86,19.24
0000001800,2008,3,7497.66,1084.61,0.70,18.62
0000001800,2009,1,6718.37,1438.64,0.93,15.80
0000001800,2009,2,7494.88,1288.11,0.83,22.30
0000001800,2009,3,7761.34,1480.37,0.95,21.13
0000001800,2010,1,7698.35,1003.02,0.65,19.10
0000001800,2010,2,8826.01,1291.65,0.83,18.19
0000001800,2010,3,8674.51,890.66,0.58,13.60
0000001800,2011,1,9040.85,863.82,0.56,14.38
0000001800,2011,2,9616.29,1942.78,1.24,18.45
0000001800,2011,3,9816.67,303.18,0.19,6.06
0000001800,2012,1,9456.63,1242.12,0.79,16.67
0000001800,2012,2,9807.10,1724.61,1.09,21.46
0000001800,2012,3,9773.24,1942.81,1.22,20.37
0000001800,2013,1,5377.90,544.66,0.35,11.44
0000001800,2013,2,5446.03,476.06,0.30,11.53
0000001800,2013,3,5369.14,965.73,0.62,11.74
0000001800,2014,1,5244.00,375.00,0.24,8.60
0000001800,2014,2,5551.00,466.00,0.30,13.71
0000001800,2014,3,5104.00,538.00,0.36,14.32
0000001800,2015,1,4897.00,2292.00,1.52,12.46
0000001800,2015,2,5170.00,784.00,0.52,14.10
0000001800,2015,3,5150.00,580.00,0.39,13.83
0000001800,2016,1,4885.00,316.00,0.21,10.73
0000001800,2016,2,5333.00,615.00,0.41,15.31
0000001800,2016,3,5302.00,-329.00,-0.22,16.91
0000001800,2017,1,6335.00,419.00,0.24,-3.19
0000001800,2017,2,6637.00,283.00,0.16,6.43
0000001800,2017,3,6829.00,603.00,0.34,11.86
0000001800,2018,1,7390.00,418.00,0.24,8.23
0000001800,2018,2,7767.00,733.00,0.42,11.35
0000001800,2018,3,7656.00,563.00,0.32,13.00
0000001800,2019,1,7535.00,672.00,0.38,9.81
0000001800,2019,2,7979.00,1006.00,0.57,15.12
0000001800,2019,3,8076.00,960.00,0.54,14.82
0000001800,2020,1,7726.00,564.00,0.32,9.82
0000001800,2020,2,7328.00,537.00,0.30,9.17
0000001800,2020,3,8853.00,1232.00,0.69,16.88
0000001800,2021,1,10456.00,1793.00,1.00,20.16
0000001800,2021,2,10223.00,1189.00,0.67,13.61
0000001800,2021,3,10928.00,2100.00,1.18,23.30
0000001800,2022,1,11895.00,2447.00,1.38,24.48
0000001800,2022,2,11257.00,2018.00,1.15,21.10
0000001800,2022,3,10410.00,1435.00,0.82,17.01
0000001800,2023,1,9747.00,1318.00,0.75,15.47
0000001800,2023,2,9978.00,1375.00,0.79,15.45
0000001800,2023,3,10143.00,1436.00,0.82,16.23
0000001800,2024,1,9964.00,1225.00,0.70,13.91
0000001800,2024,2,10377.00,1302.00,0.74,16.08
0000001800,2024,3,10635.00,1646.00,0.94,17.48
0000002488,2001,1,1188.75,124.84,0.40,14.05
0000002488,2001,2,985.26,17.35,0.05,2.20
0000002488,2001,3,765.87,-186.93,-0.54,-29.96
0000002488,2002,1,902.07,-9.16,-0.03,-1.50
0000002488,2002,2,600.30,-184.94,-0.54,-49.44
0000002488,2002,3,508.23,-254.17,-0.74,-64.00
0000002488,2003,1,714.56,-146.36,-0.42,-17.56
0000002488,2003,2,645.26,-140.10,-0.40,-19.14
0000002488,2003,3,954.00,-31.23,-0.09,-3.17
0000002488,2004,1,1236.43,45.09,0.13,4.96
0000002488,2004,2,1261.84,32.18,0.09,5.74
0000002488,2004,3,1239.46,43.85,0.12,5.52
0000002488,2005,1,1226.63,-17.42,-0.04,-3.72
0000002488,2005,2,1259.92,11.32,0.03,-0.57
0000002488,2005,3,1522.76,76.00,0.19,5.17
0000002488,2006,1,1332.16,184.52,0.40,19.44
0000002488,2006,2,1216.37,88.85,0.18,8.40
0000002488,2006,3,1327.62,134.46,0.28,8.97
0000002488,2007,1,1233.00,-611.00,-1.11,-40.89
0000002488,2007,2,1378.00,-600.00,-1.09,-33.17
0000002488,2007,3,1632.00,-396.00,-0.71,-13.84
0000002488,2008,1,1505.00,-358.00,-0.59,-17.57
0000002488,2008,2,1349.00,-1189.00,-1.96,-10.59
0000002488,2008,3,1776.00,-127.00,-0.21,7.37
0000002488,2009,1,1177.00,-416.00,-0.66,-25.30
0000002488,2009,2,1184.00,-330.00,-0.49,-21.01
0000002488,2009,3,1396.00,-128.00,-0.18,-5.52
0000002488,2010,1,1574.00,257.00,0.36,11.57
0000002488,2010,2,1653.00,-43.00,-0.06,7.57
0000002488,2010,3,1618.00,-118.00,-0.17,7.91
0000002488,2011,1,1613.00,510.00,0.71,3.35
0000002488,2011,2,1574.00,61.00,0.08,6.67
0000002488,2011,3,1690.00,97.00,0.13,8.16
0000002488,2012,1,1585.00,-590.00,-0.80,-36.58
0000002488,2012,2,1413.00,37.00,0.05,5.45
0000002488,2012,3,1269.00,-157.00,-0.21,-10.33
0000002488,2013,1,1088.00,-146.00,-0.19,-9.01
0000002488,2013,2,1161.00,-74.00,-0.10,-2.50
0000002488,2013,3,1461.00,48.00,0.06,6.50
0000002488,2014,1,1397.00,-20.00,-0.03,3.51
0000002488,2014,2,1441.00,-36.00,-0.05,4.38
0000002488,2014,3,1429.00,17.00,0.02,4.41
0000002488,2015,1,1030.00,-180.00,-0.23,-13.30
0000002488,2015,2,942.00,-181.00,-0.23,-14.56
0000002488,2015,3,1061.00,-197.00,-0.25,-14.90
0000002488,2016,1,832.00,-109.00,-0.14,-8.17
0000002488,2016,2,1027.00,69.00,0.09,-0.78
0000002488,2016,3,1307.00,-398.00,-0.50,-22.40
0000002488,2017,1,984.00,-73.00,-0.08,-2.95
0000002488,2017,2,1222.00,-16.00,-0.02,2.05
0000002488,2017,3,1643.00,71.00,0.07,7.67
0000002488,2018,1,1647.00,81.00,0.08,7.29
0000002488,2018,2,1756.00,116.00,0.12,8.71
0000002488,2018,3,1653.00,102.00,0.10,9.08
0000002488,2019,1,1272.00,16.00,0.01,2.99
0000002488,2019,2,1531.00,35.00,0.03,3.85
0000002488,2019,3,1801.00,120.00,0.11,10.33
0000002488,2020,1,1786.00,162.00,0.14,9.92
0000002488,2020,2,1932.00,157.00,0.13,8.96
0000002488,2020,3,2801.00,390.00,0.33,16.03
0000002488,2021,1,3445.00,555.00,0.46,19.21
0000002488,2021,2,3850.00,710.00,0.58,21.56
0000002488,2021,3,4313.00,923.00,0.76,21.97
0000002488,2022,1,5887.00,786.00,0.56,16.14
0000002488,2022,2,6550.00,447.00,0.28,8.03
0000002488,2022,3,5565.00,66.00,0.04,-1.15
0000002488,2023,1,5353.00,-139.00,-0.09,-2.71
0000002488,2023,2,5359.00,27.00,0.02,-0.37
0000002488,2023,3,5800.00,299.00,0.18,3.86
0000002488,2024,1,5473.00,123.00,0.08,0.66
0000002488,2024,2,5835.00,265.00,0.16,4.61
0000002488,2024,3,6819.00,771.00,0.48,10.62
0000002969,2001,1,1498.30,94.60,0.44,17.60
0000002969,2001,3,1415.90,132.30,0.62,17.80
0000002969,2001,4,1316.50,113.70,0.53,14.00
0000002969,2002,1,1312.70,126.10,0.58,11.79
0000002969,2002,3,1374.00,141.30,0.65,15.65
0000002969,2002,4,1447.00,125.80,0.57,13.57
0000002969,2003,1,1578.10,113.60,0.52,13.50
0000002969,2003,3,1629.90,26.60,0.12,2.45
0000002969,2004,1,1684.90,131.80,0.59,11.80
0000002969,2004,2,1892.50,163.00,0.73,12.35
0000002969,2004,4,1991.00,166.80,0.74,11.97
0000002969,2005,1,2003.30,175.30,0.77,12.59
0000002969,2005,2,2078.40,190.60,0.84,12.64
0000002969,2005,4,2098.60,180.70,0.81,12.02
0000002969,2006,1,2317.20,204.00,0.92,12.71
0000002969,2006,2,2319.60,210.30,0.94,12.86
0000002969,2006,4,2432.50,230.30,1.03,13.66
0000002969,2007,1,2473.30,227.60,1.05,13.13
0000002969,2007,2,2595.00,284.90,1.32,14.04
0000002969,2007,4,2473.60,263.70,1.23,15.03
0000002969,2008,1,2605.30,314.30,1.48,12.98
0000002969,2008,3,2808.00,70.10,0.33,2.41
0000002969,2009,1,2195.30,68.60,0.33,5.20
0000002969,2009,2,1976.20,113.20,0.54,7.27
0000002969,2009,4,2173.50,251.80,1.19,15.87
0000002969,2010,1,2249.00,252.00,1.19,15.14
0000002969,2010,2,2252.30,261.30,1.19,14.93
0000002969,2010,4,2391.70,275.90,1.25,15.10
0000002969,2011,1,2501.30,304.30,1.42,16.80
0000002969,2011,2,2577.80,326.50,1.50,16.20
0000002969,2011,4,2423.10,248.10,1.18,15.90
0000002969,2012,1,2344.30,296.00,1.40,12.28
0000002969,2012,2,2340.10,484.50,2.29,20.60
0000002969,2012,4,2562.40,287.20,1.33,14.50
0000002969,2013,1,2484.20,299.60,1.39,15.70
0000002969,2013,2,2547.30,288.40,1.38,15.00
0000002969,2013,4,2545.50,299.10,1.35,15.10
0000002969,2014,1,2581.90,291.50,1.33,14.90
0000002969,2014,3,2634.60,314.00,1.47,15.70
0000002969,2014,4,2560.80,324.60,1.50,16.80
0000002969,2015,1,2414.50,296.90,1.35,15.50
0000002969,2015,2,2470.20,318.80,1.48,17.10
0000002969,2015,4,2355.80,372.00,1.68,20.90
0000002969,2016,1,2271.20,-473.30,-2.19,22.60
0000002969,2016,2,2434.40,354.10,1.60,22.00
0000002969,2016,4,1882.50,306.40,1.38,17.40
0000002969,2017,1,1980.10,2130.00,9.70,19.80
0000002969,2017,2,2121.90,104.10,0.47,11.90
0000002969,2017,4,2216.60,161.70,0.70,20.80
0000002969,2018,1,2155.70,423.60,1.89,21.10
0000002969,2018,3,2259.00,487.90,2.16,22.80
0000002969,2018,4,2224.00,357.00,1.57,20.50
0000002969,2019,1,2187.70,433.50,1.91,23.60
0000002969,2019,3,2224.00,500.20,2.21,25.60
0000002969,2019,4,2254.70,488.90,2.15,24.90
0000002969,2020,1,2216.30,490.40,2.16,26.04
0000002969,2020,2,2065.20,457.10,2.02,26.10
0000002969,2020,4,2375.20,486.70,2.18,22.70
0000002969,2021,1,2502.00,477.10,2.13,21.93
0000002969,2021,3,2604.70,532.30,2.41,22.16
0000002969,2021,4,2994.20,549.60,2.52,17.50
0000002969,2022,1,2945.10,536.80,2.39,19.10
0000002969,2022,2,3189.30,587.10,2.62,19.70
0000002969,2022,4,3174.70,583.80,2.58,20.50
0000002969,2023,1,3200.10,449.90,1.98,14.40
0000002969,2023,2,3033.90,610.50,2.68,21.20
0000002969,2023,4,2997.40,621.60,2.74,22.20
0000002969,2024,1,2930.20,572.40,2.57,21.70
0000002969,2024,3,2985.50,708.90,3.13,24.70
0000002969,2024,4,2931.50,649.80,2.77,22.00
0000004962,2000,2,5970.00,740.00,0.56,17.51
0000004962,2000,3,5981.00,737.00,0.56,N/A
0000004962,2001,1,5719.00,538.00,0.41,12.96
0000004962,2001,2,5268.00,178.00,0.13,2.90
0000004962,2001,3,5724.00,298.00,0.23,6.19
0000004962,2002,1,5759.00,618.00,0.47,14.90
0000004962,2002,2,5945.00,683.00,0.52,16.17
0000004962,2002,3,5907.00,687.00,0.52,N/A
0000004962,2003,1,6023.00,692.00,0.53,16.53
0000004962,2003,2,6356.00,762.00,0.59,17.26
0000004962,2003,3,6419.00,770.00,0.60,N/A
0000004962,2004,1,6910.00,794.00,0.62,12.53
0000004962,2004,2,7258.00,876.00,0.69,12.06
0000004962,2004,3,7202.00,879.00,0.70,17.41
0000004962,2005,1,7573.00,946.00,0.76,18.16
0000004962,2005,2,8002.00,1013.00,0.82,16.49
0000004962,2005,3,6068.00,1030.00,0.84,14.26
0000004962,2006,1,6332.00,873.00,0.71,13.83
0000004962,2006,2,6850.00,945.00,0.78,21.04
0000004962,2006,3,6759.00,967.00,0.80,N/A
0000004962,2007,1,7631.00,1057.00,0.89,13.95
0000004962,2007,2,8199.00,1057.00,0.90,12.96
0000004962,2007,3,7953.00,1067.00,0.91,17.82
0000004962,2008,1,8105.00,991.00,0.86,12.02
0000004962,2008,2,8097.00,653.00,0.56,8.08
0000004962,2008,3,N/A,815.00,0.71,N/A
0000004962,2009,1,5926.00,437.00,0.31,9.18
0000004962,2009,2,6092.00,102.00,0.09,6.86
0000004962,2009,3,6016.00,640.00,0.54,15.26
0000004962,2010,1,6606.00,885.00,0.74,13.39
0000004962,2010,2,10118.00,1017.00,0.84,10.05
0000004962,2010,3,7033.00,1093.00,0.91,23.32
0000004962,2011,1,7031.00,1177.00,0.98,24.63
0000004962,2011,2,7618.00,1331.00,1.11,17.00
0000004962,2011,3,7571.00,1235.00,1.04,22.59
0000004962,2012,1,7614.00,1256.00,1.07,16.51
0000004962,2012,2,7965.00,1339.00,1.16,16.80
0000004962,2012,3,7862.00,1236.00,1.10,15.89
0000004962,2013,1,8400.00,1280.00,1.15,28.90
0000004962,2013,2,8245.00,1405.00,1.28,24.21
0000004962,2013,3,8301.00,1366.00,1.26,24.13
0000004962,2014,1,8199.00,1432.00,1.34,26.93
0000004962,2014,2,8657.00,1529.00,1.43,17.65
0000004962,2014,3,8329.00,1477.00,1.40,26.95
0000004962,2015,1,7950.00,1525.00,1.49,N/A
0000004962,2015,2,8284.00,1473.00,1.43,26.93
0000004962,2015,3,8193.00,1266.00,1.24,23.67
0000004962,2016,1,8088.00,1426.00,1.45,17.61
0000004962,2016,2,8235.00,2015.00,2.11,N/A
0000004962,2016,3,7774.00,1142.00,1.21,14.68
0000004962,2017,1,7889.00,1237.00,1.34,23.04
0000004962,2017,2,8307.00,1340.00,1.47,23.46
0000004962,2017,3,8436.00,1356.00,1.50,21.67
0000004962,2018,1,9718.00,1634.00,1.86,16.82
0000004962,2018,2,10002.00,1623.00,1.84,20.91
0000004962,2018,3,10144.00,1654.00,1.89,20.87
0000004962,2019,1,10364.00,1550.00,1.80,18.89
0000004962,2019,2,10838.00,1761.00,2.07,20.45
0000004962,2019,3,10989.00,1755.00,2.08,20.60
0000004962,2020,1,10310.00,367.00,0.41,N/A
0000004962,2020,2,7675.00,257.00,0.29,N/A
0000004962,2020,3,8751.00,1073.00,1.30,15.60
0000004962,2021,1,9064.00,2235.00,2.74,24.66
0000004962,2021,2,10243.00,2280.00,2.80,28.66
0000004962,2021,3,10928.00,1826.00,2.27,N/A
0000004962,2022,1,11735.00,2099.00,2.73,23.13
0000004962,2022,2,13395.00,1964.00,2.57,22.06
0000004962,2022,3,13556.00,1879.00,2.47,18.13
0000004962,2023,1,14281.00,1816.00,2.40,15.18
0000004962,2023,2,15054.00,2174.00,2.89,26.11
0000004962,2023,3,15381.00,2451.00,3.30,N/A
0000004962,2024,1,15801.00,2437.00,3.33,15.43
0000004962,2024,2,16333.00,3015.00,4.15,30.95
0000004962,2024,3,16636.00,2507.00,3.49,19.26
0000004977,2000,3,2475.00,163.00,0.61,10.18
0000004977,2001,1,2421.00,178.00,0.34,11.32
0000004977,2001,2,2348.00,153.00,0.29,10.61
0000004977,2001,3,2446.00,193.00,0.37,12.02
0000004977,2002,1,2371.00,183.00,0.35,8.10
0000004977,2002,2,2513.00,212.00,0.41,8.04
0000004977,2002,3,2707.00,240.00,0.46,13.18
0000004977,2003,1,2807.00,237.00,0.46,8.70
0000004977,2003,2,2861.00,248.00,0.48,8.39
0000004977,2003,3,2931.00,237.00,0.46,8.37
0000004977,2004,1,3280.00,315.00,0.62,14.57
0000004977,2004,2,3233.00,265.00,0.52,13.00
0000004977,2004,3,3321.00,301.00,0.59,13.81
0000004977,2005,1,3559.00,328.00,0.65,14.22
0000004977,2005,2,3567.00,336.00,0.67,14.48
0000004977,2005,3,3669.00,455.00,0.91,17.58
0000004977,2006,1,3559.00,375.00,0.75,16.17
0000004977,2006,2,3697.00,408.00,0.82,16.87
0000004977,2006,3,3672.00,367.00,0.74,15.16
0000004977,2007,1,3751.00,416.00,0.85,17.00
0000004977,2007,2,3764.00,415.00,0.85,16.87
0000004977,2007,3,3861.00,420.00,0.86,16.62
0000004977,2008,1,4267.00,474.00,0.99,17.02
0000004977,2008,2,4336.00,483.00,1.02,17.06
0000004977,2008,3,3691.00,100.00,0.21,4.01
0000004977,2009,1,4818.00,569.00,1.22,18.08
0000004977,2009,2,4313.00,314.00,0.67,10.97
0000004977,2009,3,4526.00,363.00,0.78,12.13
0000004977,2010,1,5065.00,636.00,1.36,12.55
0000004977,2010,2,4980.00,581.00,1.24,17.87
0000004977,2010,3,5394.00,690.00,1.47,19.57
0000004977,2011,1,5117.00,395.00,0.84,11.72
0000004977,2011,2,5100.00,280.00,0.60,20.46
0000004977,2011,3,5987.00,744.00,1.60,18.45
0000004977,2012,1,6240.00,785.00,1.68,12.59
0000004977,2012,2,5902.00,483.00,1.04,12.55
0000004977,2012,3,6800.00,1017.00,2.16,18.44
0000004977,2013,1,6200.00,892.00,1.90,12.74
0000004977,2013,2,6044.00,889.00,1.91,22.48
0000004977,2013,3,5900.00,702.00,1.50,11.64
0000004977,2014,1,5640.00,732.00,1.60,19.57
0000004977,2014,2,5838.00,810.00,1.79,21.21
0000004977,2014,3,5700.00,706.00,1.56,12.02
0000004977,2015,1,5207.00,663.00,1.51,13.03
0000004977,2015,2,5300.00,573.00,1.32,12.28
0000004977,2015,3,5114.00,567.00,1.32,13.14
0000004977,2016,1,5353.00,731.00,1.74,21.86
0000004977,2016,2,5437.00,548.00,1.33,15.33
0000004977,2016,3,5716.00,629.00,1.54,13.10
0000004977,2017,1,5330.00,592.00,1.47,20.24
0000004977,2017,2,5428.00,713.00,1.80,19.25
0000004977,2017,3,5506.00,716.00,1.81,19.53
0000004977,2018,1,5464.00,717.00,0.92,13.12
0000004977,2018,2,5589.00,832.00,1.08,20.23
0000004977,2018,3,5600.00,845.00,1.09,15.09
0000004977,2019,1,5657.00,928.00,1.23,21.95
0000004977,2019,2,5511.00,817.00,1.10,20.13
0000004977,2019,3,5500.00,777.00,1.04,14.13
0000004977,2020,1,5162.00,566.00,0.78,13.94
0000004977,2020,2,5407.00,805.00,1.12,14.88
0000004977,2020,3,5665.00,2456.00,3.45,20.37
0000004977,2021,1,5900.00,1300.00,1.87,22.03
0000004977,2021,2,5600.00,1100.00,1.62,19.64
0000004977,2021,3,5200.00,888.00,1.32,24.00
0000004977,2022,1,5300.00,1000.00,1.58,21.57
0000004977,2022,2,5400.00,1388.00,2.17,31.50
0000004977,2022,3,4800.00,1600.00,2.53,33.33
0000004977,2023,1,4800.00,1200.00,1.94,25.00
0000004977,2023,2,5172.00,1634.00,2.71,31.59
0000004977,2023,3,4950.00,1569.00,2.64,36.46
0000004977,2024,1,5400.00,1900.00,3.25,35.19
0000004977,2024,2,5100.00,1800.00,3.10,35.29
0000004977,2024,3,2949.00,-93.00,-0.17,3.12
0000006201,2000,2,5011.00,321.00,2.15,10.32
0000006201,2001,1,4760.00,-43.00,-0.28,0.36
0000006201,2001,2,5583.00,-507.00,-3.29,-13.61
0000006201,2001,3,4816.00,-414.00,-2.68,-11.58
0000006201,2002,1,4136.00,-575.00,-3.71,-17.63
0000006201,2002,2,4479.00,-495.00,-3.19,-13.42
0000006201,2002,3,4494.00,-924.00,-5.93,-29.41
0000006201,2003,1,4120.00,-1043.00,-6.68,-21.07
0000006201,2003,2,4324.00,-75.00,-0.47,2.01
0000006201,2003,3,4605.00,1.00,0.00,3.58
0000006201,2004,1,4512.00,-166.00,-1.03,0.93
0000006201,2004,2,4830.00,6.00,0.04,4.06
0000006201,2004,3,4762.00,-214.00,-1.33,-0.57
0000006201,2005,1,4750.00,-162.00,-1.00,0.48
0000006201,2005,2,5309.00,58.00,0.35,4.32
0000006201,2005,3,5485.00,-153.00,-0.93,0.71
0000006201,2006,1,5344.00,-92.00,-0.49,2.15
0000006201,2006,2,5975.00,291.00,1.44,7.97
0000006201,2006,3,5847.00,15.00,0.07,4.85
0000006201,2007,1,5427.00,81.00,0.35,4.57
0000006201,2007,2,5879.00,317.00,1.28,7.94
0000006201,2007,3,5946.00,175.00,0.70,5.36
0000006201,2008,1,5697.00,-328.00,-1.32,-3.28
0000006201,2008,2,6179.00,-1448.00,-5.77,-20.87
0000006201,2008,3,6421.00,45.00,0.17,-3.36
0000006201,2009,1,4839.00,-375.00,-1.35,-4.01
0000006201,2009,2,4889.00,-390.00,-1.39,-4.62
0000006201,2009,3,5127.00,-359.00,-1.26,-3.78
0000006201,2010,1,5068.00,-505.00,-1.52,-5.88
0000006201,2010,2,5674.00,-11.00,-0.03,3.45
0000006201,2010,3,5842.00,143.00,0.43,5.85
0000006201,2011,1,5533.00,-436.00,-1.31,-4.19
0000006201,2011,2,6114.00,-286.00,-0.85,-1.28
0000006201,2011,3,6376.00,-162.00,-0.48,0.61
0000006201,2012,1,6037.00,-1660.00,-4.95,-1.47
0000006201,2012,2,6452.00,-241.00,-0.72,2.20
0000006201,2012,3,6429.00,-238.00,-0.71,0.79
0000006201,2013,1,6098.00,-341.00,-1.02,0.85
0000006201,2013,2,6449.00,220.00,0.65,7.58
0000006201,2013,3,6828.00,289.00,0.86,10.22
0000006201,2014,1,9995.00,480.00,0.66,7.30
0000006201,2014,2,11355.00,864.00,1.20,12.32
0000006201,2014,3,11139.00,942.00,1.31,11.31
0000006201,2015,1,9827.00,932.00,1.34,12.38
0000006201,2015,2,10827.00,1704.00,2.47,17.73
0000006201,2015,3,10706.00,1693.00,N/A,18.68
0000006201,2016,1,9435.00,700.00,1.15,14.15
0000006201,2016,2,10363.00,950.00,1.69,16.88
0000006201,2016,3,10594.00,737.00,N/A,13.51
0000006201,2017,1,9624.00,234.00,0.46,6.25
0000006201,2017,2,11105.00,803.00,1.64,13.83
0000006201,2017,3,10878.00,624.00,1.29,11.32
0000006201,2018,1,10401.00,186.00,0.39,4.14
0000006201,2018,2,11643.00,566.00,1.22,8.83
0000006201,2018,3,11559.00,341.00,0.74,5.62
0000006201,2019,1,10584.00,185.00,0.41,3.55
0000006201,2019,2,11960.00,662.00,1.49,9.63
0000006201,2019,3,11911.00,425.00,0.96,6.79
0000070870,2020,1,8515.00,-2241.00,-5.26,-29.92
0000006201,2020,2,1622.00,-2067.00,-4.82,-153.11
0000006201,2020,3,3173.00,-2399.00,-4.71,-90.50
0000006201,2021,1,4008.00,-1250.00,-1.97,-32.81
0000006201,2021,2,7478.00,19.00,0.03,5.90
0000006201,2021,3,8969.00,169.00,0.26,6.64
0000006201,2022,1,8899.00,-1635.00,-2.52,-19.38
0000006201,2022,2,13422.00,476.00,0.73,7.58
0000006201,2022,3,13462.00,483.00,0.74,6.91
0000006201,2023,2,14055.00,1338.00,2.05,15.39
0000006201,2023,3,13482.00,-545.00,-0.83,-1.65
0000006201,2024,1,12570.00,-312.00,-0.48,0.06
0000006201,2024,2,14334.00,717.00,1.09,9.65
0000006201,2024,3,13647.00,-149.00,-0.23,0.65
0000019617,2000,2,5416.00,1091.00,0.88,20.16
0000019617,2000,3,5400.00,884.00,0.69,16.19
0000019617,2001,1,8253.00,1199.00,0.60,22.79
0000019617,2001,2,6871.00,378.00,0.18,9.66
0000019617,2001,3,7349.00,449.00,0.22,9.10
0000019617,2002,1,7598.00,982.00,0.49,15.13
0000019617,2002,2,7574.00,1028.00,0.51,20.58
0000019617,2002,3,6947.00,40.00,0.01,4.68
0000019617,2003,1,8406.00,1400.00,0.69,25.24
0000019617,2003,2,8599.00,1815.00,0.90,21.10
0000019617,2003,3,7748.00,1628.00,0.80,31.38
0000019617,2004,1,8977.00,1930.00,0.94,32.33
0000019617,2004,2,8599.00,-548.00,-0.27,21.00
0000019617,2004,3,12505.00,1418.00,0.39,15.67
0000019617,2005,1,13647.00,2264.00,0.64,24.03
0000019617,2005,2,12743.00,994.00,0.28,9.87
0000019617,2005,3,14465.00,2527.00,0.72,26.00
0000019617,2006,1,15236.00,3081.00,0.86,30.52
0000019617,2006,2,14940.00,3540.00,1.02,34.88
0000019617,2006,3,15400.00,3297.00,0.92,21.00
0000019617,2007,1,18968.00,4787.00,1.38,25.23
0000019617,2007,2,18908.00,4234.00,1.24,22.38
0000019617,2007,3,16112.00,3373.00,1.00,20.93
0000019617,2008,1,16890.00,2373.00,0.68,20.93
0000019617,2008,2,18399.00,2003.00,0.54,33.80
0000019617,2008,3,14737.00,527.00,0.11,N/A
0000019617,2009,1,25025.00,2141.00,0.40,N/A
0000019617,2009,2,25623.00,2721.00,0.28,10.61
0000019617,2009,3,26622.00,3588.00,0.82,49.48
0000019617,2010,1,27671.00,3326.00,0.74,41.73
0000019617,2010,2,25101.00,4795.00,1.09,N/A
0000019617,2010,3,23824.00,4418.00,1.01,39.57
0000019617,2011,1,25221.00,5555.00,1.28,N/A
0000019617,2011,2,26779.00,5431.00,1.27,37.13
0000019617,2011,3,23763.00,4262.00,1.02,N/A
0000019617,2012,1,26712.00,5383.00,1.31,20.16
0000019617,2012,2,22180.00,4960.00,1.21,N/A
0000019617,2012,3,25146.00,5708.00,1.41,38.87
0000019617,2013,1,25122.00,6529.00,1.59,38.64
0000019617,2013,2,25211.00,6496.00,1.60,N/A
0000019617,2013,3,23117.00,-380.00,-0.17,N/A
0000019617,2014,1,22993.00,5274.00,1.28,36.34
0000019617,2014,2,24454.00,5985.00,1.46,N/A
0000019617,2014,3,24246.00,5572.00,1.36,34.85
0000019617,2015,1,24066.00,5914.00,1.45,N/A
0000019617,2015,2,23812.00,6290.00,1.54,N/A
0000019617,2015,3,22780.00,6804.00,1.68,32.53
0000019617,2016,1,23239.00,5520.00,1.35,N/A
0000019617,2016,2,24380.00,6200.00,1.55,N/A
0000019617,2016,3,24673.00,6286.00,1.58,41.40
0000019617,2017,1,24675.00,6448.00,1.65,39.16
0000019617,2017,2,25470.00,7029.00,1.82,N/A
0000019617,2017,3,25326.00,6732.00,1.76,N/A
0000019617,2018,1,27907.00,8712.00,2.37,N/A
0000019617,2018,2,27753.00,8316.00,2.29,42.46
0000019617,2018,3,27260.00,8380.00,2.34,N/A
0000019617,2019,1,29123.00,9179.00,2.65,N/A
0000019617,2019,2,28832.00,9652.00,2.82,43.33
0000019617,2019,3,29341.00,9080.00,2.68,N/A
0000019617,2020,1,28251.00,2865.00,0.78,40.35
0000019617,2020,2,32980.00,4687.00,1.38,48.63
0000019617,2020,3,29147.00,9443.00,2.92,42.12
0000019617,2021,1,32266.00,14300.00,4.50,41.97
0000019617,2021,2,30479.00,11948.00,3.78,42.03
0000019617,2021,3,29647.00,11687.00,3.74,N/A
0000019617,2022,1,30717.00,8282.00,2.63,N/A
0000019617,2022,2,30715.00,8649.00,2.76,N/A
0000019617,2022,3,32716.00,9737.00,3.12,41.38
0000019617,2023,1,38349.00,12622.00,4.11,47.60
0000019617,2023,2,41307.00,14472.00,4.75,49.57
0000019617,2023,3,39874.00,13151.00,4.33,N/A
0000019617,2024,1,41934.00,13419.00,4.44,45.70
0000019617,2024,2,50200.00,18149.00,6.12,N/A
0000019617,2024,3,42654.00,12898.00,4.37,47.08
0000021344,2001,1,4479.00,863.00,0.35,28.60
0000021344,2001,2,5293.00,1118.00,0.45,28.60
0000021344,2001,3,5397.00,1074.00,0.43,24.30
0000021344,2002,1,4079.00,-125.00,-0.05,30.70
0000021344,2002,2,5368.00,1290.00,0.52,30.80
0000021344,2002,3,5322.00,1161.00,0.47,29.00
0000021344,2003,1,4498.00,835.00,0.34,23.90
0000021344,2003,2,5691.00,1362.00,0.55,28.10
0000021344,2003,3,5662.00,1223.00,0.50,25.60
0000021344,2004,1,5078.00,1127.00,0.46,28.60
0000021344,2004,2,5965.00,1584.00,0.65,30.20
0000021344,2004,3,5662.00,935.00,0.39,19.40
0000021344,2005,1,5266.00,1002.00,0.42,25.80
0000021344,2005,2,6310.00,1723.00,0.72,31.30
0000021344,2005,3,6037.00,1283.00,0.54,24.70
0000021344,2006,1,5226.00,1106.00,0.47,26.70
0000021344,2006,2,6476.00,1836.00,0.78,31.50
0000021344,2006,3,6454.00,1460.00,0.62,25.74
0000021344,2007,1,6103.00,1262.00,0.55,26.70
0000021344,2007,2,7733.00,1851.00,0.80,29.40
0000021344,2007,3,7690.00,1654.00,0.72,23.79
0000021344,2008,1,7379.00,1500.00,0.65,25.40
0000021344,2008,2,9046.00,1422.00,0.61,29.56
0000021344,2008,3,8393.00,1890.00,0.82,26.05
0000021344,2009,1,7169.00,1348.00,0.58,26.00
0000021344,2009,2,8267.00,2037.00,0.88,29.50
0000021344,2009,3,8044.00,1896.00,0.82,26.74
0000021344,2010,1,7525.00,1614.00,0.70,29.02
0000021344,2010,2,8674.00,2369.00,1.03,31.82
0000021344,2010,4,8426.00,2055.00,0.89,27.82
0000021344,2011,1,10517.00,1900.00,0.83,21.66
0000021344,2011,2,12737.00,2797.00,1.22,24.90
0000021344,2011,3,12248.00,2243.00,0.97,22.45
0000021344,2012,1,11137.00,2054.00,0.91,22.50
0000021344,2012,2,13085.00,2788.00,1.24,25.16
0000021344,2012,3,12340.00,2311.00,0.51,22.63
0000021344,2013,1,11035.00,1751.00,0.39,21.82
0000021344,2013,2,12749.00,2676.00,0.60,25.44
0000021344,2013,3,12030.00,2447.00,0.55,20.56
0000021344,2014,1,10576.00,1619.00,0.37,22.46
0000021344,2014,2,12574.00,2595.00,0.59,25.22
0000021344,2014,3,11976.00,2114.00,0.48,22.63
0000021344,2015,1,10711.00,1557.00,0.36,21.42
0000021344,2015,2,12156.00,3108.00,0.71,20.85
0000021344,2015,3,11427.00,1449.00,0.33,20.82
0000021344,2016,1,10282.00,1483.00,0.34,20.82
0000021344,2016,2,11539.00,3448.00,0.80,24.77
0000021344,2016,3,10633.00,1046.00,0.24,21.35
0000021344,2017,1,9118.00,1184.00,0.28,21.73
0000021344,2017,2,9702.00,1371.00,0.32,21.41
0000021344,2017,3,9078.00,1447.00,0.34,23.36
0000021344,2018,1,7626.00,1400.00,0.32,23.75
0000021344,2018,2,8927.00,2331.00,0.54,30.56
0000021344,2018,3,8245.00,1818.00,0.44,30.63
0000021344,2019,1,8020.00,1703.00,0.39,29.13
0000021344,2019,2,9997.00,2607.00,0.61,29.88
0000021344,2019,3,9507.00,2593.00,0.61,26.29
0000021344,2020,1,8601.00,2775.00,0.65,27.67
0000021344,2020,2,7150.00,1779.00,0.41,27.68
0000021344,2020,3,8652.00,1737.00,0.40,26.56
0000021344,2021,1,9020.00,2245.00,0.52,30.19
0000021344,2021,2,10129.00,2641.00,0.61,29.78
0000021344,2021,3,10042.00,2475.00,0.57,28.85
0000021344,2022,1,10491.00,2793.00,0.64,32.47
0000021344,2022,3,11325.00,1905.00,0.44,20.67
0000021344,2023,1,10980.00,3113.00,0.72,30.65
0000021344,2023,2,11972.00,2547.00,0.59,20.08
0000021344,2023,3,11953.00,3087.00,0.71,27.35
0000021344,2024,1,11300.00,3177.00,0.74,18.94
0000021344,2024,2,12363.00,2411.00,0.56,21.30
0000021344,2024,3,11854.00,2848.00,0.66,21.17
0000034088,2001,1,57300.00,5000.00,1.45,N/A
0000034088,2001,2,56184.00,4460.00,0.66,12.24
0000034088,2001,3,52113.00,3180.00,0.46,10.06
0000034088,2002,1,43531.00,2090.00,0.30,7.72
0000034088,2002,2,50909.00,2640.00,0.40,8.43
0000034088,2002,3,54182.00,2640.00,0.39,8.30
0000034088,2003,1,63780.00,7040.00,1.05,10.17
0000034088,2003,2,57165.00,4170.00,0.63,7.30
0000034088,2003,3,59841.00,3650.00,0.55,9.97
0000034088,2004,1,67602.00,5440.00,0.83,13.25
0000034088,2004,2,70693.00,5790.00,0.89,13.41
0000034088,2004,3,76375.00,5680.00,0.88,12.48
0000034088,2005,1,82051.00,7860.00,1.23,15.73
0000034088,2005,2,88568.00,7640.00,1.21,N/A
0000034088,2005,3,100717.00,9920.00,1.60,15.93
0000034088,2006,1,88980.00,8400.00,1.38,17.36
0000034088,2006,2,99034.00,10360.00,1.74,18.38
0000034088,2006,3,99593.00,10490.00,1.79,18.53
0000034088,2007,1,87223.00,9280.00,1.62,15.58
0000034088,2007,2,98350.00,10260.00,1.85,18.23
0000034088,2007,3,102337.00,9410.00,1.72,N/A
0000034088,2008,1,116854.00,10890.00,2.05,17.29
0000034088,2008,2,138072.00,11680.00,2.25,16.09
0000034088,2008,3,137737.00,14830.00,2.89,18.98
0000034088,2009,1,64028.00,4550.00,0.92,12.25
0000034088,2009,2,74457.00,3950.00,0.82,10.09
0000034088,2009,3,82260.00,4730.00,0.98,11.19
0000034088,2010,1,90251.00,6300.00,1.33,13.43
0000034088,2010,2,92486.00,7560.00,1.61,13.73
0000034088,2010,3,95298.00,7350.00,1.44,13.55
0000034088,2011,1,114004.00,10650.00,2.14,16.59
0000034088,2011,2,125486.00,10680.00,2.19,14.83
0000034088,2011,3,125330.00,10330.00,2.13,15.00
0000034088,2012,1,124053.00,9450.00,2.00,14.12
0000034088,2012,2,127363.00,15910.00,3.41,20.57
0000034088,2012,3,115706.00,9570.00,2.09,14.97
0000034088,2013,1,108807.00,9500.00,2.12,14.75
0000034088,2013,2,106469.00,6860.00,1.55,12.00
0000034088,2013,3,112372.00,7870.00,1.79,N/A
0000034088,2014,1,106773.00,9100.00,2.10,14.26
0000034088,2014,2,111647.00,8780.00,2.05,12.67
0000034088,2014,3,107490.00,8070.00,1.89,12.47
0000034088,2015,1,67618.00,4940.00,1.17,9.94
0000034088,2015,2,74113.00,4190.00,1.00,9.50
0000034088,2015,3,67344.00,4240.00,1.01,8.54
0000034088,2016,1,48707.00,1810.00,0.43,N/A
0000034088,2016,2,57694.00,1700.00,0.41,4.15
0000034088,2016,3,58677.00,2650.00,0.63,5.50
0000034088,2017,1,63287.00,4010.00,0.95,6.09
0000034088,2017,2,60825.00,3350.00,0.78,6.83
0000034088,2017,3,66165.00,3970.00,0.93,8.44
0000034088,2018,1,68211.00,4650.00,1.09,7.13
0000034088,2018,2,73501.00,3950.00,0.92,9.06
0000034088,2018,3,76605.00,6240.00,1.46,11.85
0000034088,2019,1,63625.00,2350.00,0.55,6.74
0000034088,2019,2,69091.00,3130.00,0.73,N/A
0000034088,2019,3,65049.00,3170.00,0.75,7.81
0000034088,2020,1,56158.00,-610.00,-0.14,-0.46
0000034088,2020,2,32605.00,-1080.00,-0.26,-5.03
0000034088,2020,3,46199.00,-680.00,-0.15,-0.80
0000034088,2021,1,59147.00,2730.00,0.64,6.51
0000034088,2021,2,67742.00,4690.00,1.10,9.32
0000034088,2021,3,73786.00,6750.00,1.57,13.02
0000034088,2022,1,90500.00,5480.00,1.28,9.45
0000034088,2022,2,115681.00,17850.00,4.21,21.52
0000034088,2022,3,112070.00,19660.00,4.68,22.69
0000034088,2023,1,86644.00,11430.00,2.79,19.41
0000034088,2023,2,82914.00,7880.00,1.94,14.04
0000034088,2023,3,90760.00,9070.00,2.25,15.10
0000034088,2024,1,83083.00,8220.00,2.06,14.88
0000034088,2024,2,93060.00,9240.00,2.14,14.68
0000034088,2024,3,90016.00,8610.00,1.92,14.47
0000066740,2001,1,4170.00,453.00,1.14,17.67
0000066740,2001,2,4079.00,202.00,0.51,8.19
0000066740,2001,3,3967.00,394.00,1.00,15.63
0000066740,2002,1,3890.00,452.00,1.16,18.32
0000066740,2002,2,4161.00,466.00,1.19,16.48
0000066740,2002,3,4143.00,545.00,1.40,20.54
0000066740,2003,1,4318.00,502.00,1.29,18.08
0000066740,2003,2,4580.00,619.00,1.58,20.92
0000066740,2003,3,4616.00,663.00,0.85,22.33
0000066740,2004,1,4939.00,722.00,0.92,22.60
0000066740,2004,2,5012.00,773.00,0.99,23.70
0000066740,2004,3,4969.00,775.00,0.99,23.80
0000066740,2005,1,5166.00,809.00,1.05,23.70
0000066740,2005,2,5294.00,776.00,1.01,24.20
0000066740,2005,3,5382.00,853.00,1.12,24.00
0000066740,2006,1,5595.00,899.00,1.19,24.50
0000066740,2006,2,5688.00,882.00,1.17,20.66
0000066740,2006,3,5858.00,894.00,1.20,22.91
0000066740,2007,1,5937.00,1368.00,1.88,35.40
0000066740,2007,2,6142.00,917.00,1.28,22.73
0000066740,2007,3,6177.00,960.00,1.34,23.07
0000066740,2008,1,6463.00,988.00,1.40,23.22
0000066740,2008,2,6739.00,945.00,1.35,21.50
0000066740,2008,3,6558.00,991.00,1.43,23.07
0000066740,2009,1,5089.00,518.00,0.75,15.78
0000066740,2009,2,5719.00,783.00,1.12,20.84
0000066740,2009,3,6193.00,957.00,1.36,23.86
0000066740,2010,1,6348.00,930.00,1.31,22.76
0000066740,2010,2,6731.00,1121.00,1.57,23.71
0000066740,2010,3,6874.00,1106.00,1.55,22.93
0000066740,2011,1,7311.00,1081.00,1.52,21.58
0000066740,2011,2,7680.00,1160.00,1.63,21.55
0000066740,2011,3,7531.00,1088.00,1.54,21.00
0000066740,2012,1,7486.00,1125.00,1.61,21.83
0000066740,2012,2,7534.00,1167.00,1.68,22.94
0000066740,2012,3,7497.00,1161.00,1.68,22.38
0000066740,2013,1,7634.00,1129.00,1.63,21.56
0000066740,2013,2,7752.00,1197.00,1.74,21.94
0000066740,2013,3,7916.00,1230.00,1.81,21.95
0000066740,2014,1,7831.00,1207.00,1.83,21.91
0000066740,2014,2,8134.00,1267.00,1.94,22.83
0000066740,2014,3,8137.00,1303.00,2.02,23.37
0000066740,2015,1,7578.00,1199.00,1.88,22.82
0000066740,2015,2,7686.00,1300.00,2.06,23.93
0000066740,2015,3,7712.00,1296.00,2.09,24.33
0000066740,2016,1,7409.00,1275.00,2.10,24.12
0000066740,2016,2,7662.00,1291.00,2.13,24.34
0000066740,2016,3,7709.00,1329.00,2.20,24.72
0000066740,2017,1,7685.00,1323.00,2.21,23.09
0000066740,2017,2,7810.00,1583.00,2.65,27.97
0000066740,2017,3,8172.00,1429.00,2.39,24.98
0000066740,2018,1,8278.00,602.00,1.01,12.16
0000066740,2018,2,8390.00,1857.00,3.14,28.63
0000066740,2018,3,8152.00,1543.00,2.64,24.72
0000066740,2019,1,7863.00,891.00,1.54,14.45
0000066740,2019,2,8171.00,1127.00,1.95,20.82
0000066740,2019,3,7991.00,1583.00,2.75,25.14
0000066740,2020,1,8075.00,1292.00,2.24,20.60
0000066740,2020,2,7176.00,1290.00,2.24,24.23
0000066740,2020,3,8350.00,1413.00,2.45,22.86
0000066740,2021,1,8851.00,1624.00,2.80,22.52
0000066740,2021,2,8950.00,1524.00,2.62,22.02
0000066740,2021,3,8942.00,1434.00,2.47,19.99
0000066740,2022,1,8829.00,1299.00,2.27,18.58
0000066740,2022,2,8702.00,78.00,0.14,1.26
0000066740,2022,3,8619.00,3859.00,6.79,48.22
0000066740,2023,1,8031.00,976.00,1.77,15.44
0000066740,2023,2,8325.00,-6841.00,-12.35,-107.60
0000066740,2023,3,8312.00,-2075.00,-3.74,-31.94
0000066740,2024,1,8003.00,928.00,1.67,18.74
0000066740,2024,2,6255.00,1145.00,2.07,20.33
0000066740,2024,3,6294.00,1372.00,2.49,20.91
0000070858,2001,1,7584.00,1870.00,1.16,38.49
0000070858,2001,2,8771.00,2023.00,1.26,35.83
0000070858,2001,3,8633.00,841.00,0.52,N/A
0000070858,2002,1,8593.00,2179.00,1.41,38.43
0000070858,2002,2,8575.00,2221.00,1.45,N/A
0000070858,2002,3,8522.00,2235.00,1.49,N/A
0000070858,2003,1,8894.00,2424.00,1.62,40.67
0000070858,2003,2,9620.00,2738.00,1.83,42.45
0000070858,2003,3,9743.00,2922.00,1.96,43.65
0000070858,2004,1,9518.00,2681.00,1.86,41.75
0000070858,2004,2,13021.00,3849.00,1.89,N/A
0000070858,2004,3,12560.00,3764.00,0.93,44.97
0000070858,2005,1,14022.00,4695.00,1.16,50.24
0000070858,2005,2,14015.00,4296.00,1.07,46.00
0000070858,2005,3,14607.00,4127.00,1.03,42.40
0000070858,2006,1,17677.00,4986.00,1.08,42.40
0000070858,2006,2,18228.00,5475.00,1.21,46.62
0000070858,2006,3,18653.00,5416.00,1.20,N/A
0000070858,2007,1,18093.00,5255.00,1.18,43.24
0000070858,2007,2,19563.00,5761.00,1.29,N/A
0000070858,2007,3,15929.00,3698.00,0.83,33.63
0000070858,2008,1,17003.00,1210.00,0.23,N/A
0000070858,2008,2,20315.00,3410.00,0.73,24.20
0000070858,2008,3,19621.00,1177.00,0.15,7.70
0000070858,2009,1,35758.00,4247.00,0.44,15.03
0000070858,2009,2,32774.00,3224.00,0.33,7.26
0000070858,2009,3,26035.00,-1001.00,-0.26,-7.59
0000070858,2010,1,31969.00,3182.00,0.28,N/A
0000070858,2010,2,29153.00,3123.00,0.28,13.02
0000070858,2010,3,26700.00,-7647.00,-0.77,-1.93
0000070858,2011,1,26877.00,2049.00,0.17,N/A
0000070858,2011,2,13483.00,-8826.00,-0.90,-93.65
0000070858,2011,3,28702.00,6232.00,0.56,N/A
0000070858,2012,1,22485.00,653.00,0.03,N/A
0000070858,2012,2,22202.00,2463.00,0.19,N/A
0000070858,2012,3,20428.00,340.00,0.00,N/A
0000070858,2013,1,23408.00,1483.00,0.10,N/A
0000070858,2013,2,22949.00,4012.00,0.32,N/A
0000070858,2013,3,21743.00,2497.00,0.20,N/A
0000070858,2014,1,22767.00,-514.00,-0.05,N/A
0000070858,2014,2,21960.00,2291.00,0.19,N/A
0000070858,2014,3,21434.00,-232.00,-0.04,3.06
0000070858,2015,1,21421.00,3357.00,0.27,N/A
0000070858,2015,2,22345.00,5320.00,0.45,34.67
0000070858,2015,3,20913.00,4508.00,0.37,N/A
0000070858,2016,1,19727.00,2680.00,0.21,N/A
0000070858,2016,2,20398.00,4232.00,0.36,N/A
0000070858,2016,3,21635.00,4955.00,0.41,33.76
0000070858,2017,1,22248.00,4856.00,0.41,N/A
0000070858,2017,2,22829.00,5269.00,0.46,36.69
0000070858,2017,3,21839.00,5587.00,0.48,N/A
0000070858,2018,1,23125.00,6918.00,0.62,N/A
0000070858,2018,2,22609.00,6784.00,0.64,N/A
0000070858,2018,3,22777.00,7167.00,0.66,N/A
0000070858,2019,1,23004.00,6869.00,0.70,N/A
0000070858,2019,2,23084.00,7348.00,0.75,N/A
0000070858,2019,3,22807.00,5777.00,0.56,N/A
0000070858,2020,1,22767.00,4010.00,0.40,N/A
0000070858,2020,2,22326.00,3533.00,0.38,17.02
0000070858,2020,3,20336.00,4881.00,0.51,N/A
0000070858,2021,1,22821.00,8050.00,0.86,N/A
0000070858,2021,2,21466.00,9224.00,1.03,37.45
0000070858,2021,3,22766.00,7691.00,0.85,N/A
0000070858,2022,1,23228.00,7067.00,0.80,33.93
0000070858,2022,2,22688.00,6247.00,0.73,N/A
0000070858,2022,3,24502.00,7082.00,0.81,N/A
0000070858,2023,1,26258.00,8161.00,0.94,34.60
0000070858,2023,2,25197.00,7408.00,0.88,N/A
0000070858,2023,3,25167.00,7802.00,0.90,N/A
0000070858,2024,1,25818.00,6674.00,0.76,N/A
0000070858,2024,2,25377.00,6897.00,0.83,N/A
0000070858,2024,3,25345.00,6896.00,0.81,28.89
0000077476,2001,1,4539.00,498.00,0.34,16.30
0000077476,2001,2,5281.00,652.00,0.45,17.20
0000077476,2001,3,6906.00,627.00,0.35,14.10
0000077476,2002,1,5101.00,651.00,0.37,18.60
0000077476,2002,2,6178.00,888.00,0.50,20.13
0000077476,2002,3,6376.00,969.00,0.55,20.70
0000077476,2003,1,5530.00,777.00,0.45,20.50
0000077476,2003,2,12068.00,1786.00,1.04,20.90
0000077476,2003,3,18898.00,2863.00,1.66,21.00
0000077476,2004,1,6131.00,804.00,0.46,18.40
0000077476,2004,2,13201.00,1863.00,1.07,19.30
0000077476,2004,3,20458.00,3227.00,1.90,19.86
0000077476,2005,1,6585.00,912.00,0.53,18.90
0000077476,2005,2,14282.00,2106.00,1.25,19.60
0000077476,2005,3,8184.00,864.00,0.52,20.53
0000077476,2006,1,7205.00,1019.00,0.61,18.70
0000077476,2006,2,15804.00,2377.00,1.43,19.70
0000077476,2006,3,8950.00,1481.00,0.88,20.30
0000077476,2007,1,7350.00,1096.00,0.65,19.30
0000077476,2007,2,16957.00,2653.00,1.62,19.90
0000077476,2007,3,10171.00,1743.00,1.08,20.30
0000077476,2008,1,8333.00,1148.00,0.70,18.64
0000077476,2008,2,19278.00,2847.00,1.76,19.40
0000077476,2008,3,11244.00,1576.00,1.01,17.65
0000077476,2009,1,8263.00,1135.00,0.73,19.20
0000077476,2009,2,18855.00,2795.00,1.78,20.00
0000077476,2009,3,29935.00,4512.00,2.87,20.10
0000077476,2010,1,9368.00,1430.00,0.90,8.96
0000077476,2010,2,24169.00,3033.00,1.90,13.65
0000077476,2010,3,39683.00,4955.00,3.11,15.38
0000077476,2011,1,11937.00,1143.00,0.72,14.50
0000077476,2011,2,28764.00,3049.00,1.91,15.57
0000077476,2011,3,46346.00,5028.00,3.14,15.94
0000077476,2012,1,12428.00,1127.00,0.71,13.90
0000077476,2012,4,16458.00,1488.00,0.95,14.43
0000077476,2012,3,45538.00,4517.00,2.86,15.10
0000077476,2013,1,12581.00,1075.00,0.69,13.17
0000077476,2013,2,29388.00,3085.00,1.97,15.40
0000077476,2013,3,46297.00,4998.00,3.20,15.10
0000077476,2014,1,12623.00,1216.00,0.79,14.30
0000077476,2014,2,29517.00,3194.00,2.08,15.93
0000077476,2014,3,46735.00,5202.00,3.40,16.15
0000077476,2015,1,12217.00,1221.00,0.81,14.70
0000077476,2015,2,28140.00,3201.00,2.14,16.70
0000077476,2015,3,16331.00,533.00,0.36,8.67
0000077476,2016,1,11862.00,931.00,0.64,13.70
0000077476,2016,2,27257.00,2936.00,2.01,16.81
0000077476,2016,3,43284.00,4928.00,3.39,17.11
0000077476,2017,1,12049.00,1318.00,0.91,16.00
0000077476,2017,2,27759.00,3423.00,2.38,17.70
0000077476,2017,3,16240.00,2144.00,1.50,18.40
0000077476,2018,1,12562.00,1343.00,0.94,14.40
0000077476,2018,2,28652.00,3163.00,2.23,16.88
0000077476,2018,3,45137.00,5661.00,3.97,17.01
0000077476,2019,1,12884.00,1413.00,1.00,15.60
0000077476,2019,2,29333.00,3448.00,2.46,16.16
0000077476,2019,3,17188.00,2100.00,1.50,16.61
0000077476,2020,1,13881.00,1338.00,0.96,13.90
0000077476,2020,2,29826.00,2984.00,2.15,14.23
0000077476,2020,3,47917.00,5275.00,3.79,15.14
0000077476,2021,1,14820.00,1714.00,1.24,15.60
0000077476,2021,2,34037.00,4072.00,2.94,15.98
0000077476,2021,3,20189.00,2224.00,1.61,15.64
0000077476,2022,1,16200.00,4261.00,3.08,32.50
0000077476,2022,2,36425.00,5690.00,4.09,20.16
0000077476,2022,3,21971.00,2702.00,1.96,15.26
0000077476,2023,1,17846.00,1932.00,1.40,14.70
0000077476,2023,2,40168.00,4680.00,3.40,15.65
0000077476,2023,3,23453.00,3092.00,2.25,17.12
0000077476,2024,1,18250.00,2042.00,1.48,14.90
0000077476,2024,2,40751.00,5125.00,3.71,16.60
0000077476,2024,3,23319.00,2930.00,2.13,16.60
0000080424,2001,1,9511.00,893.00,0.63,13.70
0000080424,2001,3,9766.00,1104.00,0.83,18.00
0000080424,2001,4,10403.00,1299.00,0.98,17.92
0000080424,2002,1,9900.00,1039.00,0.74,16.70
0000080424,2002,3,10796.00,1464.00,1.10,20.20
0000080424,2002,4,11005.00,1494.00,1.13,20.40
0000080424,2003,1,10656.00,1273.00,0.91,18.40
0000080424,2003,3,12195.00,1761.00,1.33,21.70
0000080424,2003,4,13221.00,1818.00,1.38,20.70
0000080424,2004,1,13029.00,1528.00,1.09,17.70
0000080424,2004,3,13744.00,2001.00,0.73,20.90
0000080424,2005,2,14452.00,2039.00,0.79,21.20
0000080424,2005,1,14287.00,1720.00,0.67,18.80
0000080424,2005,3,14793.00,2029.00,0.77,20.70
0000080424,2005,4,18337.00,2546.00,0.76,21.20
0000080424,2006,1,17250.00,2211.00,0.63,19.40
0000080424,2006,3,18785.00,2698.00,0.79,21.60
0000080424,2006,4,19725.00,2862.00,0.84,22.10
0000080424,2007,1,18694.00,2512.00,0.74,19.50
0000080424,2007,3,20199.00,3079.00,0.92,21.90
0000080424,2007,4,21575.00,3270.00,0.98,21.90
0000080424,2008,1,20463.00,2710.00,0.82,20.10
0000080424,2008,3,22026.00,3348.00,1.03,21.30
0000080424,2008,4,20368.00,5004.00,1.58,20.90
0000080424,2009,1,18417.00,2613.00,0.84,20.30
0000080424,2009,3,19807.00,3307.00,1.06,22.50
0000080424,2009,4,21027.00,4659.00,1.49,22.10
0000080424,2010,1,19178.00,2585.00,0.83,20.70
0000080424,2010,3,20122.00,3081.00,1.02,22.40
0000080424,2010,4,21347.00,3333.00,1.11,20.00
0000080424,2011,1,20230.00,2873.00,0.96,18.60
0000080424,2011,3,21917.00,3024.00,1.03,19.80
0000080424,2011,4,22135.00,1690.00,0.57,12.40
0000080424,2012,1,20194.00,2411.00,0.85,16.30
0000080424,2012,3,20739.00,2814.00,1.00,19.10
0000080424,2012,4,22175.00,4057.00,1.46,20.30
0000080424,2013,1,20598.00,2566.00,0.92,16.52
0000080424,2013,3,21205.00,3027.00,1.09,19.60
0000080424,2013,4,22280.00,3428.00,1.24,20.40
0000080424,2014,1,20559.00,2609.00,0.94,16.80
0000080424,2014,3,20792.00,2020.00,0.71,14.10
0000080424,2015,2,20161.00,2372.00,0.85,19.60
0000080424,2015,1,18142.00,2153.00,0.77,17.30
0000080424,2015,3,16527.00,2601.00,0.91,22.80
0000080424,2015,4,16915.00,3206.00,1.16,22.80
0000080424,2016,1,15755.00,2750.00,1.00,21.10
0000080424,2016,3,16518.00,2714.00,0.99,22.83
0000080424,2016,4,16856.00,7875.00,2.88,23.00
0000080424,2017,3,15605.00,2522.00,0.96,21.54
0000080424,2017,4,17395.00,2495.00,0.96,23.00
0000080424,2018,1,16281.00,2511.00,0.95,20.24
0000080424,2018,3,16690.00,3211.00,1.26,21.30
0000080424,2018,4,17438.00,3216.00,1.25,22.33
0000080424,2019,3,16462.00,2745.00,1.07,19.63
0000080424,2019,4,18240.00,3743.00,1.41,24.60
0000080424,2020,1,17214.00,2917.00,1.15,20.07
0000080424,2020,3,19318.00,4308.00,1.63,27.30
0000080424,2020,4,19745.00,3887.00,1.47,27.20
0000080424,2021,1,18109.00,3249.00,1.26,20.90
0000080424,2021,3,20338.00,4126.00,1.61,24.70
0000080424,2021,4,20953.00,4242.00,1.66,24.70
0000080424,2022,1,19381.00,3355.00,1.37,20.76
0000080424,2022,3,20612.00,3963.00,1.57,24.00
0000080424,2022,4,20773.00,3959.00,1.63,23.04
0000080424,2023,1,20068.00,3424.00,1.37,21.17
0000080424,2023,3,21871.00,4556.00,1.83,26.40
0000080424,2023,4,21441.00,3493.00,1.44,20.66
0000080424,2024,1,20195.00,3781.00,1.52,22.10
0000080424,2024,3,21737.00,3987.00,1.61,26.70
0000080424,2024,4,21882.00,4659.00,1.88,26.20
0000200406,2001,1,7791.00,1500.00,1.08,27.47
0000200406,2001,2,8342.00,1482.00,0.49,25.50
0000200406,2001,3,8238.00,1529.00,0.50,14.90
0000200406,2002,1,8743.00,1834.00,0.60,29.98
0000200406,2002,2,9073.00,1654.00,0.55,26.76
0000200406,2002,3,9079.00,1725.00,0.58,13.50
0000200406,2003,1,9821.00,2070.00,0.70,11.80
0000200406,2003,2,10332.00,1210.00,0.41,19.90
0000200406,2003,3,10455.00,2072.00,0.70,28.20
0000200406,2004,1,11559.00,2493.00,0.84,30.32
0000200406,2004,2,11484.00,2458.00,0.83,29.90
0000200406,2004,3,11553.00,2341.00,0.79,17.70
0000200406,2005,1,12832.00,2927.00,0.98,31.64
0000200406,2005,2,12762.00,2676.00,0.90,26.70
0000200406,2005,3,12310.00,2625.00,0.88,28.90
0000200406,2006,1,12992.00,3305.00,1.11,35.50
0000200406,2006,2,13363.00,2820.00,0.96,27.00
0000200406,2006,3,13287.00,2760.00,0.95,27.60
0000200406,2007,1,15037.00,2573.00,0.89,25.00
0000200406,2007,2,15131.00,3081.00,1.06,26.60
0000200406,2007,3,14970.00,2548.00,0.88,21.83
0000200406,2008,1,16194.00,3598.00,1.27,29.30
0000200406,2008,2,16450.00,3327.00,1.18,26.60
0000200406,2008,3,15921.00,3310.00,1.19,26.90
0000200406,2009,1,15026.00,3507.00,1.27,30.90
0000200406,2009,2,15239.00,3208.00,1.16,27.95
0000200406,2009,3,15081.00,3345.00,1.21,28.14
0000200406,2010,1,15631.00,4526.00,1.64,40.20
0000200406,2010,2,15330.00,3449.00,1.25,27.53
0000200406,2010,3,14982.00,3417.00,1.24,28.20
0000200406,2011,1,16173.00,3476.00,1.27,27.87
0000200406,2011,2,16597.00,2776.00,1.01,20.62
0000200406,2011,3,16005.00,3202.00,1.17,25.70
0000200406,2012,1,16139.00,3910.00,1.43,31.30
0000200406,2012,2,16475.00,1408.00,0.51,12.35
0000200406,2012,3,17052.00,2968.00,1.08,21.26
0000200406,2013,1,17505.00,3497.00,1.25,27.87
0000200406,2013,2,17877.00,3833.00,1.36,28.35
0000200406,2013,3,17575.00,2982.00,1.06,22.04
0000200406,2014,1,18115.00,4727.00,1.67,31.08
0000200406,2014,2,19495.00,4326.00,1.53,30.60
0000200406,2014,3,18467.00,4749.00,1.69,30.21
0000200406,2015,1,17374.00,4320.00,1.55,30.76
0000200406,2015,2,17787.00,4516.00,1.63,27.64
0000200406,2015,3,17102.00,3358.00,1.21,27.10
0000200406,2016,1,17482.00,4292.00,1.56,30.30
0000200406,2016,2,18482.00,3997.00,1.46,30.10
0000200406,2016,3,17820.00,4272.00,1.56,29.87
0000200406,2017,1,17766.00,4422.00,1.63,30.94
0000200406,2017,2,18839.00,3827.00,1.42,29.00
0000200406,2017,3,19650.00,3764.00,1.40,24.40
0000200406,2018,1,20009.00,4367.00,1.63,28.43
0000200406,2018,2,20830.00,3954.00,1.47,26.24
0000200406,2018,3,20348.00,3934.00,1.47,21.70
0000200406,2019,1,20021.00,3749.00,1.41,22.10
0000200406,2019,2,20562.00,5607.00,2.11,26.30
0000200406,2019,3,20729.00,1753.00,0.67,28.42
0000200406,2020,1,20691.00,5796.00,2.20,28.26
0000200406,2020,2,18336.00,3626.00,1.38,21.76
0000200406,2020,3,21082.00,3554.00,1.35,20.90
0000200406,2021,1,22321.00,6197.00,2.35,33.30
0000200406,2021,2,23312.00,6278.00,2.38,26.84
0000200406,2021,3,23338.00,3667.00,1.39,24.73
0000200406,2022,1,23426.00,5149.00,1.96,25.02
0000200406,2022,2,24020.00,4814.00,1.83,25.33
0000200406,2022,3,23791.00,4458.00,1.70,26.52
0000200406,2023,1,24746.00,-68.00,-0.03,26.67
0000200406,2023,2,25530.00,5144.00,1.98,26.48
0000200406,2023,3,21351.00,26028.00,10.32,26.64
0000200406,2024,1,21383.00,3255.00,1.35,27.63
0000200406,2024,2,22447.00,4686.00,1.95,27.90
0000200406,2024,3,22471.00,2694.00,1.12,22.60
0000320193,2000,3,1825.00,200.00,0.62,9.21
0000320193,2001,1,1007.00,-195.00,-0.58,-41.73
0000320193,2001,2,1475.00,61.00,0.17,2.10
0000320193,2002,1,1375.00,38.00,0.11,-0.29
0000320193,2002,3,1429.00,32.00,0.09,0.91
0000320193,2003,1,1472.00,-8.00,-0.02,-2.51
0000320193,2003,2,1545.00,19.00,0.05,0.58
0000320193,2004,1,2006.00,63.00,0.17,3.69
0000320193,2004,2,1909.00,46.00,0.13,2.72
0000320193,2004,3,2014.00,61.00,0.16,3.57
0000320193,2005,1,3490.00,295.00,0.75,11.55
0000320193,2005,3,3520.00,320.00,0.39,12.13
0000320193,2005,4,5749.00,565.00,0.68,13.04
0000320193,2006,1,4359.00,410.00,0.49,12.14
0000320193,2006,3,4370.00,472.00,0.55,12.95
0000320193,2007,1,7115.00,1004.00,1.17,18.58
0000320193,2007,3,5410.00,818.00,0.94,19.24
0000320193,2008,1,9608.00,1581.00,1.81,22.12
0000320193,2008,3,7464.00,1072.00,1.21,18.65
0000320193,2009,1,10167.00,1605.00,1.81,20.91
0000320193,2009,3,8337.00,1229.00,1.38,20.05
0000320193,2009,4,15683.00,3378.00,3.74,30.11
0000320193,2010,1,13499.00,3074.00,3.39,29.47
0000320193,2010,2,15700.00,3253.00,3.57,26.98
0000320193,2011,1,26741.00,6004.00,6.53,29.26
0000320193,2011,2,28571.00,7308.00,7.89,32.83
0000320193,2012,1,46333.00,13064.00,14.03,37.43
0000320193,2012,2,35023.00,8824.00,9.42,33.06
0000320193,2013,1,54512.00,13078.00,13.93,31.57
0000320193,2013,3,35323.00,6900.00,7.51,26.05
0000320193,2013,4,57594.00,13072.00,14.59,30.32
0000320193,2014,1,45646.00,10223.00,11.69,29.78
0000320193,2014,2,37432.00,7748.00,1.29,27.48
0000320193,2015,1,74599.00,18024.00,3.08,32.50
0000320193,2015,2,58010.00,13569.00,2.34,31.50
0000320193,2015,3,49605.00,10677.00,1.86,28.40
0000320193,2016,1,75872.00,18361.00,3.30,31.83
0000320193,2016,3,42358.00,7796.00,1.43,23.85
0000320193,2017,1,78351.00,17891.00,3.38,29.81
0000320193,2017,3,52896.00,11029.00,2.11,26.67
0000320193,2018,1,88293.00,20065.00,3.92,29.77
0000320193,2018,3,53265.00,11519.00,2.36,23.69
0000320193,2019,1,84310.00,19965.00,4.22,27.70
0000320193,2019,2,58015.00,11561.00,2.47,23.10
0000320193,2019,3,53809.00,10044.00,2.20,21.45
0000320193,2020,1,91819.00,22236.00,5.04,27.83
0000320193,2020,2,58313.00,11249.00,2.58,22.05
0000320193,2020,3,59685.00,11253.00,2.61,21.93
0000320193,2021,1,111439.00,28755.00,1.70,30.06
0000320193,2021,2,89584.00,23630.00,1.41,30.69
0000320193,2021,3,81434.00,21744.00,1.31,29.60
0000320193,2022,1,123945.00,34630.00,2.11,33.47
0000320193,2022,2,97278.00,25010.00,1.54,30.83
0000320193,2022,3,82959.00,19442.00,1.20,27.80
0000320193,2023,1,117154.00,29998.00,1.89,30.73
0000320193,2023,3,81797.00,19881.00,1.27,28.13
0000320193,2024,1,119575.00,33916.00,2.19,33.76
0000320193,2024,2,90753.00,23636.00,1.53,30.74
0000320193,2024,3,85777.00,21448.00,1.40,29.53
0000320193,2025,1,124300.00,36330.00,2.41,34.47
0000354950,2000,2,12618.00,838.00,0.36,10.77
0000354950,2000,3,11545.00,650.00,0.28,9.13
0000354950,2001,2,12200.00,632.00,0.27,8.43
0000354950,2001,3,14576.00,924.00,0.40,10.27
0000354950,2002,1,14282.00,856.00,0.36,9.54
0000354950,2002,2,16277.00,1182.00,0.50,11.54
0000354950,2002,3,14475.00,940.00,0.40,10.34
0000354950,2003,1,15104.00,907.00,0.40,9.59
0000354950,2003,2,17989.00,1299.00,0.57,11.48
0000354950,2003,3,16598.00,1147.00,0.50,10.98
0000354950,2004,1,17550.00,1098.00,0.49,9.95
0000354950,2004,2,19960.00,1545.00,0.70,12.31
0000354950,2004,3,18772.00,1317.00,0.60,10.95
0000354950,2005,1,18973.00,1247.00,0.58,10.50
0000354950,2005,2,22305.00,1768.00,0.83,12.75
0000354950,2005,3,20744.00,1538.00,0.72,11.92
0000354950,2006,1,21461.00,1484.00,0.70,11.30
0000354950,2006,2,26026.00,1862.00,0.90,12.20
0000354950,2006,3,23085.00,1490.00,0.73,10.70
0000354950,2007,1,21585.00,1046.00,0.53,8.50
0000354950,2007,2,22184.00,1587.00,0.81,11.50
0000354950,2007,3,18961.00,1091.00,0.60,9.30
0000354950,2008,1,17907.00,356.00,0.21,4.10
0000354950,2008,2,20990.00,1202.00,0.72,9.72
0000354950,2008,3,17784.00,756.00,0.45,7.40
0000354950,2009,1,16175.00,514.00,0.30,6.10
0000354950,2009,2,19071.00,1116.00,0.66,9.60
0000354950,2009,3,16361.00,689.00,0.41,7.70
0000354950,2010,1,16863.00,725.00,0.43,7.70
0000354950,2010,2,19410.00,1192.00,0.72,10.56
0000354950,2010,3,16598.00,834.00,0.51,8.72
0000354950,2011,1,16823.00,812.00,0.50,8.50
0000354950,2011,2,20232.00,1363.00,0.87,11.34
0000354950,2011,3,17326.00,934.00,0.60,9.32
0000354950,2012,1,17808.00,1035.00,0.68,9.63
0000354950,2012,3,20570.00,1532.00,1.02,12.50
0000354950,2013,1,19124.00,1226.00,0.83,10.95
0000354950,2013,2,22522.00,1795.00,1.25,13.41
0000354950,2013,3,19470.00,1351.00,0.96,11.77
0000354950,2014,1,19687.00,1379.00,1.00,11.57
0000354950,2014,3,23811.00,2050.00,1.52,14.48
0000354950,2015,1,20891.00,1579.00,1.21,12.40
0000354950,2015,2,24829.00,2234.00,1.74,14.69
0000354950,2015,3,21819.00,1725.00,1.35,13.66
0000354950,2016,1,22762.00,1803.00,1.45,13.50
0000354950,2016,2,26472.00,2441.00,1.98,15.50
0000354950,2016,3,23154.00,1969.00,1.60,14.33
0000354950,2017,1,23887.00,2014.00,1.68,14.01
0000354950,2017,2,28108.00,2672.00,2.26,15.88
0000354950,2017,3,25026.00,2165.00,1.85,14.70
0000354950,2018,1,24947.00,2404.00,2.08,13.55
0000354950,2018,2,30463.00,3506.00,3.06,16.09
0000354950,2018,3,26302.00,2867.00,2.51,14.72
0000354950,2019,1,26381.00,2513.00,2.27,13.63
0000354950,2019,2,30839.00,3479.00,3.17,15.87
0000354950,2019,3,27223.00,2769.00,2.53,14.50
0000354950,2020,1,28260.00,2245.00,2.08,11.60
0000354950,2020,2,38053.00,4332.00,4.02,15.94
0000354950,2020,3,33536.00,3432.00,3.18,14.48
0000354950,2021,1,37500.00,4145.00,3.86,15.42
0000354950,2021,2,41118.00,4807.00,4.53,16.15
0000354950,2021,3,36820.00,4129.00,3.92,15.74
0000354950,2022,2,38908.00,4231.00,4.11,15.23
0000354950,2022,3,38872.00,4339.00,4.24,15.81
0000354950,2023,1,37257.00,3873.00,3.82,14.90
0000354950,2023,2,42916.00,4659.00,4.65,15.34
0000354950,2023,3,37710.00,3810.00,3.81,14.34
0000354950,2024,1,36418.00,3600.00,3.63,13.90
0000354950,2024,2,43175.00,4561.00,4.60,15.14
0000354950,2024,3,40217.00,3648.00,3.67,13.47
0000731766,1999,3,4903.00,144.00,0.83,4.90
0000731766,2000,1,5099.00,174.00,1.06,5.35
0000731766,2000,2,5220.00,170.00,1.04,5.52
0000731766,2000,3,5369.00,182.00,1.08,5.75
0000731766,2001,1,5680.00,212.00,0.67,6.40
0000731766,2001,2,5813.00,223.00,0.68,6.60
0000731766,2001,3,5941.00,231.00,0.71,6.70
0000731766,2002,1,6013.00,295.00,0.92,8.00
0000731766,2002,2,6078.00,325.00,1.07,8.60
0000731766,2002,3,6247.00,353.00,1.17,9.20
0000731766,2003,1,6975.00,403.00,1.35,9.40
0000731766,2003,2,7087.00,439.00,0.74,10.00
0000731766,2003,3,7238.00,476.00,0.81,10.50
0000731766,2004,1,8144.00,554.00,0.92,10.80
0000731766,2004,2,8704.00,596.00,0.98,10.90
0000731766,2004,3,9859.00,698.00,1.09,11.10
0000731766,2005,1,10887.00,779.00,1.22,11.50
0000731766,2005,2,11111.00,809.00,0.61,11.80
0000731766,2005,3,11322.00,842.00,0.67,12.20
0000731766,2006,1,17586.00,899.00,0.66,8.40
0000731766,2006,3,17970.00,1112.00,0.83,10.36
0000731766,2007,1,19047.00,927.00,0.69,8.31
0000731766,2007,2,19000.00,1228.00,0.93,10.92
0000731766,2007,3,18679.00,1283.00,0.98,11.55
0000731766,2008,1,20304.00,994.00,0.80,8.44
0000731766,2008,2,20272.00,337.00,0.28,3.32
0000731766,2008,3,20156.00,920.00,0.76,7.92
0000731766,2009,1,22004.00,984.00,0.82,7.58
0000731766,2009,2,21655.00,859.00,0.73,6.65
0000731766,2009,3,21695.00,1035.00,0.90,7.73
0000731766,2010,1,23193.00,1191.00,1.04,8.69
0000731766,2010,2,23264.00,1123.00,1.00,8.17
0000731766,2010,3,23668.00,1277.00,1.15,9.06
0000731766,2011,1,25432.00,1346.00,1.24,8.73
0000731766,2011,2,25234.00,1267.00,1.18,8.32
0000731766,2011,3,25280.00,1271.00,1.19,8.19
0000731766,2012,1,27282.00,1388.00,1.34,8.49
0000731766,2012,2,27265.00,1337.00,1.30,8.17
0000731766,2012,3,27302.00,1557.00,1.50,9.56
0000731766,2013,1,30340.00,1192.00,1.17,7.05
0000731766,2013,2,30408.00,1436.00,1.42,7.89
0000731766,2013,3,30624.00,1570.00,1.56,8.59
0000731766,2014,1,31708.00,1099.00,1.12,6.48
0000731766,2014,2,32574.00,1408.00,1.44,7.83
0000731766,2014,3,32759.00,1602.00,1.65,8.87
0000731766,2015,1,35756.00,1413.00,1.46,7.40
0000731766,2015,2,36263.00,1585.00,1.66,8.00
0000731766,2015,3,41489.00,1618.00,1.65,7.30
0000731766,2016,1,44527.00,1611.00,1.67,6.60
0000731766,2016,2,46485.00,1754.00,1.84,6.90
0000731766,2016,3,46293.00,1968.00,2.07,7.73
0000731766,2017,1,48723.00,2172.00,2.23,7.00
0000731766,2017,2,50053.00,2284.00,2.37,7.50
0000731766,2017,3,50322.00,2485.00,2.51,8.10
0000731766,2018,1,55188.00,2836.00,2.94,7.30
0000731766,2018,2,56086.00,2922.00,3.04,7.50
0000731766,2018,3,56556.00,3188.00,3.31,8.10
0000731766,2019,1,60308.00,3467.00,3.56,8.00
0000731766,2019,2,60595.00,3293.00,3.47,7.80
0000731766,2019,3,60351.00,3538.00,3.73,8.30
0000731766,2020,1,64421.00,3382.00,3.52,7.80
0000731766,2020,3,65115.00,3172.00,3.34,7.10
0000731766,2021,1,70196.00,4862.00,5.08,9.60
0000731766,2021,2,71321.00,4266.00,4.52,8.40
0000731766,2021,3,72337.00,4086.00,4.33,7.90
0000731766,2022,1,80149.00,5027.00,5.27,8.70
0000731766,2022,2,80332.00,5070.00,5.41,8.90
0000731766,2022,3,80894.00,5262.00,5.63,9.20
0000731766,2023,1,91931.00,5611.00,5.95,8.80
0000731766,2023,2,92903.00,5474.00,5.89,8.70
0000731766,2023,3,92361.00,5841.00,6.31,9.20
0000731766,2024,1,99796.00,-1409.00,-1.53,7.90
0000731766,2024,2,98855.00,4216.00,4.58,8.00
0000731766,2024,3,100820.00,6055.00,6.56,8.60
0000789019,2001,1,6456.00,2451.00,0.46,46.40
0000789019,2001,3,6126.00,1283.00,0.24,47.29
0000789019,2001,4,7741.00,2283.00,0.42,36.68
0000789019,2002,1,7245.00,2738.00,0.51,45.49
0000789019,2002,3,7746.00,2726.00,0.51,52.31
0000789019,2002,4,8541.00,2552.00,0.48,38.15
0000789019,2003,1,7835.00,2794.00,0.26,47.43
0000789019,2003,3,8215.00,2614.00,0.24,38.35
0000789019,2003,4,10153.00,1549.00,0.14,14.53
0000789019,2004,1,9175.00,1315.00,0.12,13.92
0000789019,2004,3,9189.00,2528.00,0.23,38.00
0000789019,2004,4,10818.00,3463.00,0.32,43.90
0000789019,2005,1,9620.00,2563.00,0.24,34.60
0000789019,2005,3,9741.00,3141.00,0.29,41.52
0000789019,2005,4,11837.00,3653.00,0.35,39.31
0000789019,2006,1,10900.00,2977.00,0.29,35.69
0000789019,2006,3,10811.00,3478.00,0.35,41.38
0000789019,2006,4,12542.00,2626.00,0.27,27.68
0000789019,2007,3,14398.00,4926.00,0.51,45.78
0000789019,2007,4,16367.00,4707.00,0.50,39.60
0000320193,2023,2,94836.00,24160.00,1.53,29.84
0000731766,2020,2,62138.00,6637.00,6.91,14.90
0000789019,2008,3,14454.00,4388.00,0.47,30.50
0000789019,2008,4,16629.00,4174.00,0.47,35.71
0000789019,2009,1,13648.00,2977.00,0.33,32.50
0000789019,2009,3,12920.00,3574.00,0.40,34.66
0000789019,2009,4,19022.00,6662.00,0.75,44.76
0000789019,2010,1,14503.00,4006.00,0.46,35.67
0000789019,2010,3,16195.00,5410.00,0.63,43.92
0000789019,2010,4,19953.00,6634.00,0.78,40.95
0000789019,2011,1,16428.00,5232.00,0.62,34.76
0000789019,2011,3,17372.00,5738.00,0.68,41.46
0000789019,2011,4,20885.00,6624.00,0.79,38.27
0000789019,2012,1,17407.00,5108.00,0.61,36.63
0000789019,2012,3,16008.00,4466.00,0.53,33.18
0000789019,2012,4,21456.00,6377.00,0.76,36.20
0000789019,2013,1,20489.00,6055.00,0.72,37.16
0000789019,2013,3,18529.00,5244.00,0.63,34.17
0000789019,2013,4,24519.00,6558.00,0.79,32.50
0000789019,2014,1,20403.00,5660.00,0.68,34.16
0000789019,2014,3,23201.00,4540.00,0.55,25.19
0000789019,2014,4,26470.00,5863.00,0.71,29.37
0000789019,2015,1,21729.00,4985.00,0.61,30.33
0000789019,2015,3,20379.00,4620.00,0.58,28.44
0000789019,2015,4,23796.00,4998.00,0.63,25.33
0000789019,2016,1,20531.00,3756.00,0.48,25.74
0000789019,2016,3,20453.00,4690.00,0.60,25.53
0000789019,2016,4,24090.00,5200.00,0.67,25.63
0000789019,2017,1,22090.00,4801.00,0.62,25.33
0000789019,2017,3,24538.00,6576.00,0.85,31.42
0000789019,2018,1,28918.00,-6302.00,-0.82,30.02
0000789019,2018,3,29084.00,8824.00,1.15,34.23
0000789019,2019,2,32471.00,8420.00,1.09,31.60
0000789019,2019,1,30571.00,8809.00,1.15,33.83
0000789019,2019,3,33055.00,10678.00,1.40,38.39
0000789019,2019,4,36906.00,11649.00,1.53,37.65
0000789019,2020,1,35021.00,10752.00,1.41,37.03
0000789019,2020,3,37154.00,13893.00,1.84,42.73
0000789019,2020,4,43076.00,15463.00,2.05,41.56
0000789019,2021,1,41706.00,15457.00,2.05,40.89
0000789019,2021,4,51728.00,18765.00,2.50,43.00
0000789019,2022,1,49360.00,16728.00,2.23,41.25
0000789019,2022,3,50122.00,17556.00,2.35,42.93
0000789019,2022,4,52747.00,16425.00,2.20,38.69
0000789019,2023,1,52857.00,18299.00,2.46,42.29
0000789019,2023,3,56517.00,22291.00,3.00,47.57
0000789019,2023,4,62020.00,21870.00,2.94,43.57
0000789019,2024,1,61858.00,21939.00,2.95,44.57
0000789019,2024,3,65585.00,24667.00,3.32,46.60
0000789019,2024,4,69632.00,24108.00,3.24,45.47
0000796343,1999,2,245.89,44.96,0.74,21.00
0000796343,1999,3,260.88,57.16,0.94,27.59
0000796343,2000,1,282.23,64.57,0.54,31.55
0000796343,2000,2,300.09,65.78,0.55,29.84
0000796343,2000,3,328.87,78.27,0.66,32.20
0000796343,2001,1,328.97,69.76,0.29,35.10
0000796343,2001,2,344.09,61.31,0.26,34.25
0000796343,2001,3,292.12,40.29,0.17,31.78
0000796343,2002,1,267.90,49.81,0.21,23.80
0000796343,2002,2,317.36,54.30,0.23,28.63
0000796343,2002,3,284.88,47.20,0.20,24.38
0000796343,2003,1,296.90,54.23,0.23,27.13
0000796343,2003,2,320.15,64.25,0.28,28.57
0000796343,2003,3,319.12,64.52,0.28,28.88
0000796343,2004,1,423.28,123.04,0.52,38.57
0000796343,2004,2,410.09,109.40,0.46,34.57
0000796343,2004,3,403.71,104.46,0.44,34.73
0000796343,2005,1,472.88,151.89,0.62,36.10
0000796343,2005,2,496.03,149.78,0.31,36.73
0000796343,2005,3,487.04,144.92,0.29,37.68
0000796343,2006,1,655.48,105.07,0.18,19.83
0000796343,2006,2,635.46,123.10,0.21,23.28
0000796343,2006,3,602.19,94.40,0.16,18.26
0000796343,2007,1,649.41,143.85,0.24,22.53
0000796343,2007,2,745.58,152.51,0.26,24.19
0000796343,2007,3,851.69,205.24,0.35,29.93
0000796343,2008,1,890.45,219.38,0.39,30.93
0000796343,2008,2,886.89,214.91,0.40,29.33
0000796343,2008,3,887.26,191.61,0.36,24.74
0000796343,2009,1,786.39,156.44,0.30,26.44
0000796343,2009,2,704.67,126.07,0.24,22.90
0000796343,2009,3,697.51,136.05,0.26,24.04
0000796343,2010,1,858.70,127.15,0.24,20.60
0000796343,2010,2,943.04,148.61,0.28,24.09
0000796343,2010,3,990.32,230.07,0.44,30.49
0000796343,2011,1,1027.71,234.59,0.47,29.40
0000796343,2011,2,1023.18,229.44,0.46,27.03
0000796343,2011,3,1013.21,195.10,0.39,27.05
0000796343,2012,1,1045.22,185.21,0.37,27.66
0000796343,2012,2,1124.45,223.88,0.45,27.14
0000796343,2012,3,1080.58,201.36,0.41,25.75
0000796343,2013,1,1007.87,65.12,0.13,9.74
0000796343,2013,2,1010.55,76.55,0.15,11.02
0000796343,2013,3,995.12,83.00,0.16,11.09
0000796343,2014,1,1000.12,47.05,0.09,7.87
0000796343,2014,2,1068.21,88.53,0.18,12.66
0000796343,2014,3,1005.41,44.69,0.09,7.38
0000796343,2015,1,1109.18,84.89,0.17,15.60
0000796343,2015,2,1162.16,147.49,0.30,16.67
0000796343,2015,3,1217.77,174.47,0.35,20.19
0000796343,2016,1,1383.34,254.31,0.51,22.24
0000796343,2016,2,1398.71,244.07,0.49,24.61
0000796343,2016,3,1463.97,270.79,0.54,25.23
0000796343,2017,1,1681.65,398.45,0.81,27.89
0000796343,2017,2,1772.19,374.39,0.76,28.44
0000796343,2017,3,1841.07,419.57,0.85,29.64
0000796343,2018,1,2078.95,583.08,1.18,33.83
0000796343,2018,2,2195.36,663.17,1.35,31.80
0000796343,2018,3,2291.08,666.29,1.36,31.37
0000796343,2019,1,2600.95,674.24,1.38,26.71
0000796343,2019,2,2744.28,632.59,1.30,27.32
0000796343,2019,3,2834.13,792.76,1.63,30.11
0000796343,2020,1,3091.00,955.00,1.98,30.30
0000796343,2020,2,3128.00,1100.00,2.28,32.49
0000796343,2020,3,3225.00,955.00,1.99,33.16
0000796343,2021,1,3905.00,1261.00,2.63,37.23
0000796343,2021,2,3835.00,1116.00,2.34,36.67
0000796343,2021,3,3935.00,1212.00,2.54,36.61
0000796343,2022,1,4262.00,1266.00,2.68,37.07
0000796343,2022,2,4386.00,1178.00,2.50,34.88
0000796343,2022,3,4433.00,1136.00,2.42,33.47
0000796343,2023,1,4655.00,1247.00,2.72,34.10
0000796343,2023,2,4816.00,1295.00,2.83,33.73
0000796343,2023,3,4890.00,1403.00,3.07,34.68
0000796343,2024,1,5182.00,620.00,1.37,17.50
0000796343,2024,2,5309.00,1573.00,3.50,35.52
0000796343,2024,3,5408.00,1684.00,3.78,36.83
0000796343,2025,1,5714.00,1811.00,4.15,37.87
0001001039,2001,2,N/A,N/A,N/A,N/A
0001001039,2002,1,7048.00,438.00,0.21,10.68
0001001039,2002,3,5795.00,364.00,0.18,14.28
0001001039,2003,1,6332.00,229.00,0.11,10.21
0001001039,2003,2,6175.00,400.00,0.19,10.72
0001001039,2003,4,8549.00,688.00,0.33,14.85
0001001039,2004,1,7189.00,537.00,0.26,15.59
0001001039,2004,2,7471.00,604.00,0.29,13.59
0001001039,2005,1,8666.00,723.00,0.35,13.35
0001001039,2005,2,7829.00,698.00,0.33,15.21
0001001039,2005,3,7715.00,851.00,0.41,17.64
0001001039,2005,4,8854.00,734.00,0.37,13.11
0001001039,2006,1,8027.00,733.00,0.37,14.78
0001001039,2006,3,8620.00,1125.00,0.53,23.74
0001001039,2006,4,9725.00,1701.00,0.79,17.64
0001001039,2007,1,8073.00,931.00,0.44,20.48
0001001039,2007,2,9045.00,1178.00,0.57,25.30
0001001039,2007,4,10452.00,1250.00,0.63,19.45
0001001039,2008,1,8710.00,1133.00,0.58,21.73
0001001039,2008,2,9236.00,1284.00,0.66,24.13
0001001039,2009,1,9599.00,845.00,0.45,15.04
0001001039,2009,2,8596.00,954.00,0.51,20.15
0001001039,2010,1,9739.00,844.00,0.44,14.63
0001001039,2010,2,10002.00,1331.00,0.67,25.37
0001001039,2011,1,10716.00,1302.00,0.68,20.14
0001001039,2011,2,9077.00,942.00,0.49,19.54
0001001039,2011,3,10675.00,1476.00,0.77,25.58
0001001039,2011,4,10779.00,1521.00,0.80,22.67
0001001039,2012,1,9629.00,1143.00,0.63,20.46
0001001039,2012,2,11088.00,1831.00,1.01,29.20
0001001039,2013,1,11341.00,1382.00,0.77,20.96
0001001039,2013,2,10554.00,1513.00,0.83,22.05
0001001039,2013,3,11578.00,1847.00,1.01,28.93
0001001039,2014,1,12309.00,1904.00,1.03,23.47
0001001039,2014,2,11649.00,1917.00,1.08,26.72
0001001039,2014,3,12466.00,2245.00,1.28,30.96
0001001039,2015,1,13391.00,2182.00,1.27,26.49
0001001039,2015,2,12461.00,2108.00,1.23,24.91
0001001039,2015,3,13101.00,2483.00,1.45,31.45
0001001039,2016,1,15244.00,2880.00,1.73,28.00
0001001039,2016,2,12969.00,2143.00,1.30,27.07
0001001039,2016,3,14277.00,2597.00,1.59,31.22
0001001039,2017,1,14784.00,2479.00,1.55,26.77
0001001039,2017,2,13336.00,2388.00,1.50,28.15
0001001039,2017,3,14238.00,2366.00,1.51,26.23
0001001039,2018,1,15351.00,4423.00,2.91,25.97
0001001039,2018,3,15228.00,2916.00,1.95,26.25
0001001039,2019,1,15303.00,2786.00,1.86,23.88
0001018724,2000,2,577.88,-317.18,-0.91,-31.21
0001018724,2000,3,637.86,-240.52,-0.68,-25.63
0001018724,2001,1,700.36,-234.13,-0.66,-30.94
0001018724,2001,2,667.63,-168.36,-0.47,-20.95
0001018724,2001,3,639.28,-169.87,-0.46,-11.01
0001018724,2002,1,847.42,-23.15,-0.06,0.21
0001018724,2002,2,805.61,-93.55,-0.25,0.18
0001018724,2002,3,851.30,-35.08,-0.09,-1.13
0001018724,2003,1,1083.56,-10.12,-0.03,3.62
0001018724,2003,2,1099.91,-43.31,-0.11,3.80
0001018724,2003,3,1134.46,15.56,0.04,4.58
0001018724,2004,1,1530.35,111.14,0.28,8.00
0001018724,2004,2,1387.34,76.48,0.19,6.22
0001018724,2004,3,1462.48,54.15,0.13,5.56
0001018724,2005,1,1902.00,78.00,0.19,5.68
0001018724,2005,2,1753.00,52.00,0.13,5.94
0001018724,2005,3,1858.00,30.00,0.07,2.96
0001018724,2006,1,2279.00,51.00,0.12,4.65
0001018724,2006,2,2139.00,22.00,0.05,2.20
0001018724,2006,3,2307.00,19.00,0.05,1.73
0001018724,2007,1,3015.00,111.00,0.27,4.81
0001018724,2007,2,2886.00,78.00,0.19,4.02
0001018724,2007,3,3262.00,80.00,0.19,3.77
0001018724,2008,1,4135.00,143.00,0.34,4.79
0001018724,2008,2,4063.00,158.00,0.38,5.33
0001018724,2008,3,4264.00,118.00,0.28,3.61
0001018724,2009,1,4889.00,177.00,0.41,4.99
0001018724,2009,2,4651.00,142.00,0.33,3.42
0001018724,2009,3,5449.00,199.00,0.46,4.61
0001018724,2010,1,7131.00,299.00,0.67,5.52
0001018724,2010,2,6566.00,207.00,0.46,4.11
0001018724,2010,3,7560.00,231.00,0.51,3.54
0001018724,2011,1,9857.00,201.00,0.44,3.27
0001018724,2011,2,9913.00,191.00,0.42,2.03
0001018724,2011,3,10876.00,63.00,0.14,0.73
0001018724,2012,1,13185.00,130.00,0.29,1.46
0001018724,2012,2,12834.00,7.00,0.02,0.83
0001018724,2012,3,13806.00,-274.00,-0.60,-0.20
0001018724,2013,1,16070.00,82.00,0.18,1.13
0001018724,2013,2,15704.00,-7.00,-0.02,0.50
0001018724,2013,3,17092.00,-41.00,-0.09,-0.15
0001018724,2014,1,19741.00,108.00,0.23,0.74
0001018724,2014,2,19340.00,-126.00,-0.27,-0.08
0001018724,2014,3,20579.00,-437.00,-0.95,-2.64
0001018724,2015,1,22717.00,-57.00,-0.12,1.12
0001018724,2015,2,23185.00,92.00,0.20,2.00
0001018724,2015,3,25358.00,79.00,0.17,1.60
0001018724,2016,1,29128.00,513.00,1.09,3.68
0001018724,2016,2,30404.00,857.00,1.81,4.23
0001018724,2016,3,32714.00,252.00,0.53,1.76
0001018724,2017,1,35714.00,724.00,1.52,2.81
0001018724,2017,2,37955.00,197.00,0.41,1.65
0001018724,2017,3,43744.00,256.00,0.53,0.79
0001018724,2018,1,51042.00,1629.00,3.36,3.78
0001018724,2018,2,52886.00,2534.00,5.21,5.64
0001018724,2018,3,56576.00,2883.00,5.91,6.58
0001018724,2019,1,59700.00,3561.00,7.24,7.40
0001018724,2019,2,63404.00,2625.00,5.32,4.86
0001018724,2019,3,69981.00,2134.00,4.31,4.52
0001018724,2020,1,75452.00,2535.00,5.09,5.29
0001018724,2020,2,88912.00,5243.00,10.50,6.57
0001018724,2020,3,96145.00,6331.00,12.63,6.44
0001018724,2021,1,108518.00,8107.00,16.09,8.17
0001018724,2021,2,113080.00,7778.00,15.40,6.81
0001018724,2021,3,110812.00,3156.00,6.23,4.38
0001018724,2022,1,116444.00,-3844.00,-7.56,3.15
0001018724,2022,2,121234.00,-2028.00,-0.20,2.73
0001018724,2022,3,127101.00,2872.00,0.28,1.99
0001018724,2023,1,127358.00,3172.00,0.31,3.75
0001018724,2023,2,134383.00,6750.00,0.66,5.72
0001018724,2023,3,143083.00,9879.00,0.96,7.83
0001018724,2024,1,143313.00,10431.00,1.00,10.68
0001018724,2024,2,147977.00,13485.00,1.29,9.92
0001018724,2024,3,158877.00,15328.00,1.46,10.95
0001045810,2001,1,240.93,25.87,0.37,13.05
0001045810,2001,3,260.26,33.58,0.47,17.41
0001045810,2002,1,582.91,83.25,0.55,20.11
0001045810,2002,3,427.29,5.25,0.03,1.44
0001045810,2003,2,404.98,19.75,0.12,6.51
0001045810,2003,3,486.07,6.36,0.04,3.16
0001045810,2004,1,471.91,21.35,0.13,5.06
0001045810,2004,2,456.06,5.12,0.03,0.83
0001045810,2004,3,515.59,25.88,0.16,5.58
0001045810,2006,1,583.85,64.44,0.38,13.05
0001045810,2005,2,574.81,74.84,0.44,13.92
0001045810,2005,3,583.42,65.25,0.38,12.26
0001045810,2006,2,681.81,90.68,0.26,14.77
0001045810,2006,3,687.52,86.75,0.25,13.94
0001045810,2007,1,844.28,132.26,0.37,16.73
0001045810,2007,3,935.25,172.73,0.47,19.76
0001045810,2007,4,1115.60,235.66,0.42,22.22
0001045810,2008,1,1153.39,176.81,0.32,17.60
0001045810,2008,3,892.68,-120.93,-0.22,-17.41
0001045810,2009,1,664.23,-201.34,-0.37,-34.76
0001045810,2009,2,776.52,-105.30,-0.19,-14.18
0001045810,2009,3,903.21,107.58,0.20,11.93
0001045810,2010,1,1001.81,137.59,0.24,14.72
0001045810,2010,3,811.21,-140.96,-0.25,-21.58
0001045810,2011,1,962.04,135.22,0.23,16.10
0001045810,2011,2,1016.52,151.57,0.25,17.11
0001045810,2011,3,1066.18,178.27,0.29,18.48
0001045810,2012,1,924.88,60.44,0.10,7.88
0001045810,2012,2,1044.27,119.05,0.19,13.37
0001045810,2012,3,1204.11,209.08,0.34,20.92
0001045810,2013,1,954.74,77.89,0.13,8.67
0001045810,2013,3,977.24,96.45,0.16,10.80
0001045810,2014,1,1102.79,136.52,0.24,13.73
0001045810,2015,2,1102.82,127.98,0.23,14.80
0001045810,2015,3,1225.38,172.97,0.32,17.41
0001045810,2015,1,1151.00,134.00,0.24,15.28
0001045810,2016,1,1305.00,196.00,0.33,18.78
0001045810,2016,3,1428.00,253.00,0.40,22.20
0001045810,2017,1,1937.00,507.00,0.79,28.60
0001045810,2018,2,2230.00,583.00,0.98,30.85
0001045810,2017,3,2636.00,838.00,1.39,33.94
0001045810,2018,1,3207.00,1244.00,1.98,40.40
0001045810,2018,3,3181.00,1230.00,1.97,33.26
0001045810,2019,1,2220.00,394.00,0.65,16.13
0001045810,2019,3,2579.00,552.00,0.90,22.13
0001045810,2020,1,3080.00,917.00,1.47,31.69
0001045810,2020,2,3866.00,622.00,1.01,16.85
0001045810,2020,3,4726.00,1336.00,2.16,29.57
0001045810,2022,1,5661.00,1912.00,3.08,34.55
0001045810,2021,3,6507.00,2374.00,0.95,37.55
0001045810,2022,2,8288.00,1618.00,0.64,22.54
0001045810,2022,3,6704.00,656.00,0.26,7.45
0001045810,2023,1,7192.00,2043.00,0.83,29.74
0001045810,2023,2,13507.00,6188.00,2.50,50.31
0001045810,2023,3,18120.00,9243.00,3.75,57.46
0001045810,2024,1,26044.00,14881.00,5.98,64.92
0001045810,2024,3,30040.00,16599.00,0.68,62.04
0001067983,2000,2,6553.00,640.00,421.00,17.00
0001067983,2000,3,8426.00,797.00,523.00,16.33
0001067983,2001,1,8135.00,606.00,0.40,11.76
0001067983,2001,2,10656.00,773.00,0.51,11.88
0001067983,2001,3,9310.00,-679.00,-445.00,-11.23
0001067983,2002,1,9255.00,916.00,598.00,15.01
0001067983,2002,2,9886.00,1045.00,681.00,15.64
0001067983,2002,3,10637.00,1141.00,744.00,14.65
0001067983,2003,1,11423.00,1730.00,1.13,22.57
0001067983,2003,2,14396.00,2229.00,1452.00,23.17
0001067983,2003,3,17466.00,1806.00,1176.00,N/A
0001067983,2004,1,17184.00,1550.00,1.01,12.58
0001067983,2004,2,17996.00,1282.00,834.00,10.63
0001067983,2004,3,19172.00,1137.00,739.00,N/A
0001067983,2005,1,17634.00,1363.00,886.00,11.18
0001067983,2005,2,18128.00,1449.00,941.00,11.33
0001067983,2005,3,20533.00,586.00,381.00,4.07
0001067983,2006,1,22763.00,2313.00,1.50,15.87
0001067983,2006,2,24185.00,2347.00,1522.00,14.90
0001067983,2006,3,25360.00,2772.00,1797.00,16.95
0001067983,2007,1,32918.00,2595.00,1682.00,12.37
0001067983,2007,2,27347.00,3118.00,2018.00,17.60
0001067983,2007,3,29937.00,4553.00,2942.00,22.88
0001067983,2008,1,25175.00,940.00,0.61,5.77
0001067983,2008,2,30093.00,2880.00,1859.00,14.86
0001067983,2008,3,27926.00,1057.00,682.00,N/A
0001067983,2009,1,22784.00,-1534.00,-9.90,-11.16
0001067983,2009,2,29607.00,3295.00,2123.00,16.18
0001067983,2009,3,29904.00,3238.00,2.09,16.18
0001067983,2010,1,32037.00,3633.00,2272.00,15.91
0001067983,2010,2,31709.00,1968.00,1195.00,9.26
0001067983,2010,3,36274.00,2989.00,1.82,12.50
0001067983,2011,1,33720.00,1511.00,917.00,6.63
0001067983,2011,2,38274.00,3417.00,2072.00,13.77
0001067983,2011,3,33739.00,2278.00,1380.00,9.97
0001067983,2012,1,38147.00,3245.00,1.97,N/A
0001067983,2012,2,38546.00,3108.00,1882.00,11.97
0001067983,2012,3,41050.00,3920.00,2373.00,14.46
0001067983,2013,1,43867.00,4892.00,2977.00,16.63
0001067983,2013,2,44693.00,4541.00,2763.00,15.43
0001067983,2013,3,46541.00,5053.00,3074.00,15.86
0001067983,2014,1,45453.00,4705.00,2862.00,14.51
0001067983,2014,2,49762.00,6395.00,3889.00,17.91
0001067983,2014,3,51199.00,4617.00,2811.00,N/A
0001067983,2015,1,48644.00,5164.00,3143.00,15.72
0001067983,2015,2,51368.00,4013.00,2.44,N/A
0001067983,2015,3,58989.00,9428.00,5737.00,N/A
0001067983,2016,1,52403.00,5589.00,3401.00,N/A
0001067983,2016,2,54460.00,5001.00,3042.00,13.53
0001067983,2016,3,59068.00,7198.00,4.38,17.82
0001067983,2017,1,65187.00,4060.00,2469.00,8.36
0001067983,2017,2,57518.00,4262.00,2.59,10.12
0001067983,2017,3,60525.00,4067.00,2473.00,8.88
0001067983,2018,1,58473.00,-1138.00,-692.00,10.42
0001067983,2018,2,62200.00,12011.00,7301.00,13.53
0001067983,2018,3,63450.00,18540.00,7.52,12.81
0001067983,2019,1,60678.00,21661.00,13209.00,45.30
0001067983,2019,2,63598.00,14073.00,5.74,11.93
0001067983,2019,3,64972.00,16524.00,6.75,13.72
0001067983,2020,1,61265.00,-49746.00,-20.44,11.31
0001067983,2020,2,56840.00,26295.00,10.88,-7.78
0001067983,2020,3,63024.00,30137.00,12.66,9.61
0001067983,2021,1,64599.00,11711.00,5.09,13.27
0001067983,2021,2,69114.00,28094.00,12.33,N/A
0001067983,2021,3,70583.00,10344.00,4.59,17.15
0001067983,2022,1,70810.00,5460.00,2.47,9.09
0001067983,2022,2,76180.00,-43755.00,-19.84,14.73
0001067983,2022,3,76934.00,-2688.00,-1.22,11.58
0001067983,2023,1,85393.00,35504.00,24.38,10.90
0001067983,2023,2,92503.00,35912.00,16.52,12.83
0001067983,2023,3,93210.00,-12767.00,-5.88,13.48
0001067983,2024,1,89869.00,12702.00,8825.00,14.84
0001067983,2024,2,93653.00,30498.00,14.08,40.47
0001067983,2024,3,92995.00,26251.00,12.18,12.66
0001090872,2000,1,2485.00,166.00,0.37,8.61
0001090872,2000,3,2670.00,155.00,0.34,7.87
0001090872,2001,1,2841.00,154.00,0.34,9.82
0001090872,2001,3,1806.00,-219.00,-0.48,-18.93
0001090872,2002,1,1426.00,-315.00,-0.68,-30.98
0001090872,2002,2,1457.00,-253.00,-0.55,-23.93
0001090872,2002,3,1391.00,-228.00,-0.49,-30.84
0001090872,2003,1,1412.00,-369.00,-0.78,-18.12
0001090872,2003,2,1467.00,-146.00,-0.31,-22.86
0001090872,2003,3,1502.00,-1556.00,-3.28,-12.65
0001090872,2004,1,1643.00,71.00,0.15,4.81
0001090872,2004,2,1831.00,104.00,0.22,6.06
0001090872,2004,3,1885.00,100.00,0.21,5.68
0001090872,2005,1,1658.00,103.00,0.21,5.73
0001090872,2005,2,1688.00,95.00,0.19,4.86
0001090872,2005,3,1688.00,104.00,0.21,5.28
0001090872,2006,1,1336.00,2816.00,5.95,3.00
0001090872,2006,2,1431.00,115.00,0.27,7.83
0001090872,2006,3,1453.00,227.00,0.55,14.24
0001090872,2007,1,1280.00,150.00,0.37,7.42
0001090872,2007,2,1320.00,123.00,0.31,9.90
0001090872,2007,3,1374.00,185.00,0.47,12.20
0001090872,2008,1,1393.00,120.00,0.32,9.60
0001090872,2008,2,1456.00,173.00,0.48,13.10
0001090872,2008,3,1444.00,169.00,0.47,15.10
0001090872,2009,1,1166.00,64.00,0.18,2.10
0001090872,2009,2,1091.00,-101.00,-0.29,-4.30
0001090872,2009,3,1057.00,-19.00,-0.06,-0.09
0001090872,2010,1,1213.00,79.00,0.23,7.75
0001090872,2010,2,1271.00,108.00,0.31,12.12
0001090872,2010,3,1384.00,205.00,0.59,8.31
0001090872,2011,1,1519.00,193.00,0.56,13.89
0001090872,2011,2,1677.00,200.00,0.58,15.87
0001090872,2011,3,1691.00,330.00,0.95,16.62
0001090872,2012,1,1635.00,230.00,0.66,16.57
0001090872,2012,2,1733.00,255.00,0.73,17.30
0001090872,2012,3,1723.00,243.00,0.70,15.67
0001090872,2013,1,1680.00,179.00,0.52,12.92
0001090872,2013,2,1732.00,166.00,0.48,12.29
0001090872,2013,3,1652.00,168.00,0.50,14.29
0001090872,2014,1,1679.00,195.00,0.59,12.99
0001090872,2014,2,1731.00,139.00,0.42,12.13
0001090872,2014,3,1766.00,147.00,0.44,12.97
0001090872,2015,1,1026.00,72.00,0.21,11.22
0001090872,2015,2,963.00,83.00,0.25,11.12
0001090872,2015,3,1014.00,103.00,0.31,14.22
0001090872,2016,1,1028.00,123.00,0.37,15.08
0001090872,2016,2,1019.00,91.00,0.28,12.85
0001090872,2016,3,1044.00,124.00,0.38,14.00
0001090872,2017,1,1067.00,168.00,0.52,19.31
0001090872,2017,2,1102.00,164.00,0.51,18.24
0001090872,2017,3,1114.00,175.00,0.55,18.03
0001090872,2018,1,1211.00,-320.00,-0.99,19.74
0001090872,2018,2,1206.00,205.00,0.64,17.83
0001090872,2018,3,1203.00,236.00,0.74,18.69
0001090872,2019,1,1284.00,504.00,1.58,19.46
0001090872,2019,2,1238.00,182.00,0.57,17.46
0001090872,2019,3,1274.00,191.00,0.61,17.65
0001090872,2020,1,1357.00,197.00,0.64,15.84
0001090872,2020,2,1238.00,101.00,0.33,8.24
0001090872,2020,3,1261.00,199.00,0.64,18.25
0001090872,2021,1,1548.00,288.00,0.94,21.19
0001090872,2021,2,1525.00,216.00,0.71,18.89
0001090872,2021,3,1586.00,264.00,0.87,21.19
0001090872,2022,1,1674.00,283.00,0.94,22.47
0001090872,2022,2,1607.00,274.00,0.92,22.39
0001090872,2022,3,1718.00,329.00,1.10,23.93
0001090872,2023,1,1756.00,352.00,1.19,24.27
0001090872,2023,2,1717.00,302.00,1.02,22.30
0001090872,2023,3,1672.00,111.00,0.38,7.95
0001090872,2024,1,1658.00,348.00,1.19,23.15
0001090872,2024,2,1573.00,308.00,1.05,23.09
0001090872,2024,3,1578.00,282.00,0.97,21.10
0001090872,2025,1,1681.00,318.00,1.12,22.37
0001103982,2001,2,8692.00,505.00,0.33,15.71
0001103982,2001,3,8056.00,503.00,0.29,14.60
0001103982,2002,1,7147.00,693.00,0.40,18.24
0001103982,2002,2,7513.00,901.00,0.52,21.55
0001103982,2002,3,7216.00,869.00,0.50,21.62
0001103982,2003,1,7359.00,848.00,0.49,20.23
0001103982,2003,2,7841.00,949.00,0.55,20.78
0001103982,2003,3,7480.00,810.00,0.47,18.87
0001103982,2004,1,7693.00,560.00,0.33,12.85
0001103982,2004,2,8205.00,698.00,0.41,15.13
0001103982,2004,3,7831.00,779.00,0.46,16.00
0001103982,2005,1,8059.00,713.00,0.42,14.36
0001103982,2005,2,8334.00,472.00,0.28,15.00
0001103982,2005,3,8057.00,674.00,0.40,14.25
0001103982,2006,1,8123.00,1006.00,0.61,12.53
0001103982,2006,2,8619.00,682.00,0.41,13.66
0001103982,2006,3,8243.00,748.00,0.46,16.47
0001103982,2007,1,8586.00,702.00,0.43,13.07
0001103982,2007,2,9205.00,707.00,0.44,12.91
0001103982,2007,3,9054.00,596.00,0.38,10.83
0001103982,2008,1,10372.00,608.00,0.40,11.23
0001103982,2008,2,11176.00,732.00,0.49,13.52
0001103982,2008,3,10462.00,1398.00,0.95,9.90
0001103982,2009,1,9396.00,660.00,0.45,13.50
0001103982,2009,2,10162.00,827.00,0.56,15.06
0001103982,2009,3,9803.00,824.00,0.56,14.47
0001103982,2010,1,11318.00,1883.00,1.16,10.65
0001103982,2010,2,12253.00,937.00,0.54,13.89
0001103982,2010,3,11863.00,754.00,0.43,12.79
0001103982,2011,1,12573.00,799.00,0.45,13.09
0001103982,2011,2,13878.00,976.00,0.55,13.01
0001103982,2011,3,13226.00,922.00,0.52,12.83
0001103982,2012,1,13093.00,813.00,0.46,12.91
0001103982,2012,2,13286.00,1029.00,0.58,14.15
0001103982,2012,3,12909.00,652.00,0.37,12.79
0001103982,2013,1,8744.00,568.00,0.32,9.54
0001103982,2013,2,8595.00,616.00,0.34,10.07
0001103982,2013,3,8472.00,1024.00,0.58,14.90
0001103982,2014,1,8641.00,163.00,0.10,9.76
0001103982,2014,2,8436.00,622.00,0.37,11.35
0001103982,2014,3,8337.00,899.00,0.53,10.23
0001103982,2015,1,7762.00,324.00,0.20,10.45
0001103982,2015,2,7661.00,406.00,0.25,10.97
0001103982,2015,3,6849.00,7266.00,4.52,113.90
0001103982,2016,1,6455.00,554.00,0.35,11.18
0001103982,2016,2,6302.00,464.00,0.30,10.13
0001103982,2016,3,6396.00,548.00,0.35,10.97
0001103982,2017,1,6414.00,630.00,0.41,13.10
0001103982,2017,2,5986.00,498.00,0.33,10.71
0001103982,2017,3,6530.00,992.00,0.66,18.08
0001103982,2018,1,6765.00,938.00,0.63,18.09
0001103982,2018,2,6112.00,323.00,0.22,7.87
0001103982,2018,3,6288.00,1194.00,0.81,11.72
0001103982,2019,1,6538.00,914.00,0.63,15.84
0001103982,2019,2,6062.00,807.00,0.56,16.91
0001103982,2019,3,6355.00,1423.00,0.98,13.78
0001103982,2020,1,6707.00,753.00,0.53,12.77
0001103982,2020,2,5911.00,545.00,0.38,12.07
0001103982,2020,3,6665.00,1119.00,0.78,17.03
0001103982,2021,1,7238.00,961.00,0.68,17.73
0001103982,2021,2,6642.00,1078.00,0.77,13.13
0001103982,2021,3,7182.00,1258.00,0.90,18.01
0001103982,2022,1,7764.00,855.00,0.62,14.09
0001103982,2022,2,7274.00,747.00,0.54,12.74
0001103982,2022,3,7763.00,532.00,0.39,8.75
0001103982,2023,1,9166.00,2081.00,1.52,16.41
0001103982,2023,2,8507.00,944.00,0.69,16.74
0001103982,2023,3,9029.00,984.00,0.72,15.27
0001103982,2024,1,9290.00,1412.00,1.05,29.37
0001103982,2024,2,8343.00,601.00,0.45,10.23
0001103982,2024,3,9204.00,853.00,0.64,12.53
0001141391,2002,1,N/A,N/A,N/A,N/A
0001141391,2002,2,448.76,36.39,0.50,11.76
0001141391,2002,3,539.44,77.93,0.78,23.45
0001141391,2003,1,512.22,-425.39,-4.25,-130.40
0001141391,2003,2,556.89,32.33,0.32,8.97
0001141391,2003,3,594.17,74.40,0.74,20.00
0001141391,2004,1,594.31,73.57,0.74,19.95
0001141391,2004,2,647.28,65.71,0.66,15.20
0001141391,2004,3,667.84,97.52,0.98,22.40
0001141391,2005,1,658.24,93.29,0.93,23.03
0001141391,2005,2,771.87,120.25,1.20,24.94
0001141391,2005,3,791.61,106.09,1.06,18.69
0001141391,2006,1,738.45,126.74,1.27,24.75
0001141391,2006,2,846.49,-310.46,-2.30,-32.37
0001141391,2006,3,901.97,193.00,1.42,30.44
0001141391,2007,1,915.10,214.91,1.58,34.29
0001141391,2007,2,996.96,252.29,1.86,26.97
0001141391,2007,3,1082.85,314.46,2.32,32.63
0001141391,2008,1,1182.08,446.88,3.40,43.63
0001141391,2008,2,1246.50,-746.65,-5.74,-98.80
0001141391,2008,3,1338.18,-193.58,-1.49,-20.87
0001141391,2009,1,1156.10,367.26,2.81,48.56
0001141391,2009,2,1279.89,349.07,2.67,43.53
0001141391,2009,3,1364.28,452.20,3.46,49.36
0001141391,2010,1,1308.00,455.00,3.47,53.53
0001141391,2010,2,1365.00,458.00,3.50,52.53
0001141391,2010,3,1428.00,519.00,3.96,53.66
0001141391,2011,1,1501.00,562.00,4.31,55.63
0001141391,2011,2,1667.00,608.00,4.77,53.09
0001141391,2011,3,1818.00,717.00,5.65,55.10
0001141391,2012,1,1758.00,682.00,5.38,56.85
0001141391,2012,2,1820.00,700.00,5.56,53.52
0001141391,2012,3,1918.00,772.00,6.19,55.50
0001141391,2013,1,1906.00,766.00,6.25,58.07
0001141391,2013,2,2096.00,848.00,6.98,58.62
0001141391,2013,3,2218.00,879.00,7.30,56.24
0001141391,2014,1,2177.00,870.00,0.73,58.98
0001141391,2014,2,2377.00,931.00,0.80,58.19
0001141391,2014,3,2503.00,1015.00,0.88,56.73
0001141391,2015,1,2230.00,1020.00,0.89,60.58
0001141391,2015,2,2390.00,921.00,0.81,52.34
0001141391,2015,3,2530.00,977.00,0.86,54.15
0001141391,2016,1,2446.00,959.00,0.86,55.12
0001141391,2016,2,2694.00,983.00,0.89,51.24
0001141391,2016,3,2880.00,1184.00,1.08,57.99
0001141391,2017,1,2734.00,1081.00,1.00,55.09
0001141391,2017,2,3053.00,1177.00,1.10,54.14
0001141391,2017,3,3398.00,1430.00,1.34,57.11
0001141391,2018,1,3580.00,1492.00,1.42,51.01
0001141391,2018,2,3665.00,1569.00,1.50,52.85
0001141391,2018,3,3898.00,1899.00,1.83,58.70
0001141391,2019,1,3889.00,1862.00,1.81,56.89
0001141391,2019,2,4113.00,2048.00,2.01,58.25
0001141391,2019,3,4467.00,2108.00,2.08,59.47
0001141391,2020,1,4009.00,1693.00,1.68,55.10
0001141391,2020,2,3335.00,1420.00,1.41,51.20
0001141391,2020,3,3837.00,1513.00,1.51,54.89
0001141391,2021,1,4155.00,1828.00,1.84,52.90
0001141391,2021,2,4528.00,2066.00,2.09,51.66
0001141391,2021,3,4985.00,2414.00,2.45,54.49
0001141391,2022,1,5167.00,2631.00,2.69,57.07
0001141391,2022,2,5497.00,2275.00,2.34,54.90
0001141391,2022,3,5756.00,2499.00,2.59,54.04
0001141391,2023,1,5748.00,2361.00,2.48,54.55
0001141391,2023,2,6269.00,2845.00,3.01,58.36
0001141391,2023,3,6533.00,3198.00,3.40,58.83
0001141391,2024,1,6348.00,3011.00,3.23,56.79
0001141391,2024,2,6961.00,3258.00,3.51,58.00
0001141391,2024,3,7369.00,3263.00,3.54,54.33
0001318605,2010,2,28.41,-38.52,-5.04,-110.42
0001318605,2010,3,31.24,-34.94,-0.38,-121.08
0001318605,2011,1,49.03,-48.94,-0.51,-96.63
0001318605,2011,2,58.17,-58.90,-0.60,-101.00
0001318605,2011,3,57.67,-65.08,-0.63,-111.85
0001318605,2012,1,30.17,-89.87,-0.86,-294.30
0001318605,2012,2,26.65,-105.60,-1.00,-398.38
0001318605,2012,3,50.10,-110.80,-1.05,-216.59
0001318605,2013,1,561.79,11.25,0.10,-0.99
0001318605,2013,2,405.14,-30.50,-0.26,-2.91
0001318605,2013,3,431.35,-38.50,-0.32,-7.09
0001318605,2014,1,620.54,-49.80,-0.40,-7.09
0001318605,2014,2,769.35,-61.90,-0.50,-3.74
0001318605,2014,3,851.80,-74.71,-0.60,-4.59
0001318605,2015,1,939.88,-154.18,-1.22,-10.91
0001318605,2015,2,955.00,-184.23,-1.45,-17.81
0001318605,2015,3,936.79,-229.86,-1.78,-19.62
0001318605,2016,1,1147.05,-282.27,-2.13,-21.63
0001318605,2016,2,1270.02,-293.19,-2.09,-18.73
0001318605,2016,3,2298.44,21.88,0.15,3.72
0001318605,2017,1,2696.27,-330.28,-2.04,-9.55
0001318605,2017,2,2789.56,-336.40,-2.04,-8.64
0001318605,2017,3,2984.68,-619.38,-3.70,-17.94
0001318605,2018,1,3408.75,-709.55,-4.19,-17.51
0001318605,2018,2,4002.23,-717.54,-4.22,-15.53
0001318605,2018,3,6824.41,311.52,1.82,6.11
0001318605,2019,1,4541.46,-702.14,-4.10,-11.49
0001318605,2019,2,6349.68,-408.33,-2.31,-2.64
0001318605,2019,3,6303.00,143.00,0.80,4.14
0001318605,2020,1,5985.00,16.00,0.09,4.73
0001318605,2020,2,6036.00,104.00,0.56,5.42
0001318605,2020,3,8771.00,369.00,0.32,9.23
0001318605,2021,1,10389.00,438.00,0.46,5.72
0001318605,2021,2,11958.00,1142.00,1.18,10.97
0001318605,2021,3,13757.00,1659.00,1.62,14.57
0001318605,2022,1,18756.00,3318.00,3.20,19.21
0001318605,2022,2,16934.00,2269.00,2.18,14.55
0001318605,2022,3,21454.00,3331.00,1.05,17.19
0001318605,2023,1,23329.00,2513.00,0.80,11.43
0001318605,2023,2,24927.00,2703.00,0.78,9.62
0001318605,2023,3,23350.00,1853.00,0.58,7.55
0001318605,2024,1,21301.00,1129.00,0.37,5.50
0001318605,2024,2,25500.00,1478.00,0.46,6.29
0001318605,2024,3,25182.00,2167.00,0.68,10.79
0001326801,2014,1,2502.00,642.00,0.25,42.96
0001326801,2014,2,2910.00,791.00,0.31,47.73
0001326801,2014,3,3203.00,806.00,0.31,43.60
0001326801,2015,1,3543.00,512.00,0.18,26.33
0001326801,2015,2,4042.00,719.00,0.26,31.49
0001326801,2015,3,4501.00,896.00,0.32,32.43
0001326801,2016,1,5382.00,1510.00,0.53,37.30
0001326801,2016,2,6436.00,2055.00,0.72,42.66
0001326801,2016,3,7011.00,2379.00,0.82,44.53
0001326801,2017,1,8032.00,3064.00,1.04,41.42
0001326801,2017,2,9321.00,3894.00,1.34,47.21
0001326801,2017,3,10328.00,4707.00,1.59,49.57
0001326801,2018,1,11966.00,4988.00,1.72,45.53
0001326801,2018,2,13231.00,5106.00,1.76,44.28
0001326801,2018,3,13727.00,5137.00,1.78,42.11
0001326801,2019,1,15077.00,2429.00,0.85,22.00
0001326801,2019,2,16886.00,2616.00,0.92,27.39
0001326801,2019,3,17652.00,6091.00,2.12,41.00
0001326801,2020,1,17737.00,4902.00,1.72,33.22
0001326801,2020,2,18687.00,5178.00,1.82,31.90
0001326801,2020,3,21470.00,7846.00,2.75,37.44
0001326801,2021,1,26171.00,9497.00,3.30,43.00
0001326801,2021,2,29077.00,10394.00,3.67,42.52
0001326801,2021,3,29010.00,9194.00,3.27,35.92
0001326801,2022,1,27908.00,7465.00,2.74,30.54
0001326801,2022,2,28822.00,6687.00,2.47,28.99
0001326801,2022,3,27714.00,4395.00,1.64,20.43
0001326801,2023,1,28645.00,5709.00,2.21,25.21
0001326801,2023,2,31999.00,7788.00,3.03,29.35
0001326801,2023,3,34146.00,11583.00,4.50,40.24
0001326801,2024,1,36455.00,12369.00,4.86,37.90
0001326801,2024,2,39071.00,13465.00,5.31,38.00
0001326801,2024,3,40589.00,15688.00,6.20,42.76
0001403161,2007,4,1488.00,424.00,0.55,46.12
0001403161,2008,1,1453.00,314.00,0.39,24.01
0001403161,2008,3,1613.00,422.00,0.51,40.17
0001403161,2008,4,1739.00,574.00,0.55,55.57
0001403161,2009,1,1647.00,536.00,0.71,53.50
0001403161,2009,2,1646.00,729.00,0.97,49.94
0001403161,2009,4,1960.00,763.00,1.03,62.19
0001403161,2010,1,1959.00,713.00,0.97,57.31
0001403161,2010,2,2029.00,716.00,0.97,56.04
0001403161,2010,4,2238.00,884.00,1.23,61.02
0001403161,2011,1,2245.00,881.00,1.24,61.60
0001403161,2011,2,2322.00,1005.00,1.43,57.90
0001403161,2011,4,2547.00,1029.00,1.50,63.55
0001403161,2012,1,2578.00,1292.00,1.92,62.27
0001403161,2012,2,2565.00,-1839.00,-2.74,-101.66
0001403161,2012,4,2846.00,1293.00,1.94,63.21
0001403161,2013,1,2958.00,1270.00,1.93,62.89
0001403161,2013,2,3001.00,1225.00,1.89,60.91
0001403161,2013,4,3155.00,1407.00,2.21,65.80
0001403161,2014,1,3163.00,1598.00,2.53,64.78
0001403161,2014,2,3155.00,1360.00,2.17,64.03
0001403161,2015,1,3382.00,1569.00,2.53,66.17
0001403161,2015,2,3518.00,1697.00,0.69,64.28
0001403161,2015,4,3565.00,1941.00,0.80,67.17
0001403161,2016,1,3626.00,1707.00,0.71,67.10
0001403161,2016,2,3630.00,412.00,0.17,11.79
0001403161,2017,1,4461.00,2070.00,0.86,69.46
0001403161,2017,2,4565.00,2059.00,0.87,66.23
0001403161,2017,4,4862.00,2522.00,1.07,68.38
0001403161,2018,1,5073.00,2605.00,1.12,65.77
0001403161,2018,2,5240.00,2329.00,1.00,55.06
0001403161,2018,4,5506.00,2977.00,1.30,67.50
0001403161,2019,1,5494.00,2977.00,1.31,66.27
0001403161,2019,2,5840.00,3101.00,1.37,66.92
0001403161,2019,4,6054.00,3272.00,1.46,66.33
0001403161,2020,1,5854.00,3084.00,1.39,67.06
0001403161,2020,2,4837.00,2373.00,1.07,61.98
0001403161,2020,4,5687.00,3126.00,1.42,67.59
0001403161,2021,1,5729.00,3026.00,1.38,62.53
0001403161,2021,2,6130.00,2575.00,1.18,66.28
0001403161,2021,4,7059.00,3959.00,1.83,67.64
0001403161,2022,1,7189.00,3647.00,1.70,66.79
0001403161,2022,2,7275.00,3411.00,1.60,57.00
0001403161,2022,4,7936.00,4179.00,1.99,64.17
0001403161,2023,1,7985.00,4257.00,2.04,66.79
0001403161,2023,2,8123.00,4156.00,2.00,61.84
0001403161,2023,4,8634.00,4890.00,2.39,69.00
0001403161,2024,1,8775.00,4663.00,2.29,61.00
0001403161,2024,2,8900.00,4872.00,2.40,66.67
0001403161,2025,1,9510.00,5119.00,2.58,65.50
0001551152,2013,1,4329.00,968.00,0.61,30.13
0001551152,2013,2,4692.00,1068.00,0.67,30.97
0001551152,2013,3,4658.00,964.00,0.60,29.45
0001551152,2014,1,4563.00,980.00,0.61,29.60
0001551152,2014,2,4926.00,1098.00,0.69,30.77
0001551152,2014,3,5019.00,506.00,0.32,19.14
0001551152,2015,1,5040.00,1022.00,0.64,33.45
0001551152,2015,2,5475.00,1366.00,0.84,33.80
0001551152,2015,3,5944.00,1239.00,0.75,31.72
0001551152,2016,1,5958.00,1354.00,0.83,38.27
0001551152,2016,2,6452.00,1610.00,0.99,36.97
0001551152,2016,3,6432.00,1598.00,0.97,36.70
0001551152,2017,1,6538.00,1711.00,1.07,37.00
0001551152,2017,2,6944.00,1915.00,1.20,38.53
0001551152,2017,3,6995.00,1631.00,1.02,38.67
0001551152,2018,1,7934.00,2783.00,1.74,36.61
0001551152,2018,2,8278.00,1983.00,1.26,33.35
0001551152,2018,3,8236.00,2747.00,1.81,38.38
0001551152,2019,1,7828.00,2456.00,1.65,38.44
0001551152,2019,2,8255.00,741.00,0.49,41.20
0001551152,2019,3,8479.00,1884.00,1.27,30.86
0001551152,2020,1,8619.00,3010.00,2.02,41.79
0001551152,2020,2,10425.00,-738.00,-0.46,7.22
0001551152,2020,3,12902.00,2308.00,1.30,25.23
0001551152,2021,1,13010.00,3553.00,1.99,31.53
0001551152,2021,2,13959.00,766.00,0.42,31.80
0001551152,2021,3,14342.00,3179.00,1.78,30.01
0001551152,2022,1,13538.00,4490.00,2.51,34.85
0001551152,2022,2,14583.00,924.00,0.52,22.59
0001551152,2022,3,14812.00,3949.00,2.22,31.07
0001551152,2023,1,12225.00,239.00,0.13,22.63
0001551152,2023,2,13865.00,2024.00,1.14,32.55
0001551152,2023,3,13927.00,1778.00,1.00,16.38
0001551152,2024,1,12310.00,1369.00,0.77,22.73
0001551152,2024,2,14462.00,1370.00,0.77,27.64
0001551152,2024,3,14460.00,1561.00,0.88,26.49
0001652044,2015,3,18675.00,3979.00,5.80,25.20
0001652044,2016,1,20257.00,4207.00,6.12,26.35
0001652044,2016,2,21500.00,4877.00,7.11,27.77
0001652044,2016,3,22451.00,5061.00,7.36,25.70
0001652044,2017,1,24750.00,5426.00,7.85,26.56
0001652044,2017,2,26010.00,3524.00,5.09,15.89
0001652044,2017,3,27772.00,6732.00,9.71,28.02
0001652044,2018,1,31146.00,9401.00,13.53,22.49
0001652044,2018,2,32657.00,3195.00,4.60,8.60
0001652044,2018,3,33740.00,9192.00,13.21,24.63
0001652044,2019,1,36339.00,6657.00,9.58,18.18
0001652044,2019,2,38944.00,9947.00,14.33,23.57
0001652044,2019,3,40499.00,7068.00,10.20,22.67
0001652044,2020,1,41159.00,6836.00,9.96,19.38
0001652044,2020,2,38297.00,6959.00,10.21,16.65
0001652044,2020,3,46173.00,11247.00,16.55,24.29
0001652044,2021,1,55314.00,17930.00,26.63,29.70
0001652044,2021,2,61880.00,18525.00,27.69,31.29
0001652044,2021,3,65118.00,18936.00,28.44,32.30
0001652044,2022,1,68011.00,16436.00,24.90,29.52
0001652044,2022,2,69685.00,16002.00,1.22,27.90
0001652044,2022,3,69092.00,13910.00,1.07,24.79
0001652044,2023,1,69787.00,15051.00,1.18,24.95
0001652044,2023,2,74604.00,18368.00,1.45,29.27
0001652044,2023,3,76693.00,19689.00,1.56,27.83
0001652044,2024,1,80539.00,23662.00,1.91,31.62
0001652044,2024,2,84742.00,23619.00,1.91,32.35
0001652044,2024,3,88268.00,26301.00,2.14,32.29
