CIK,Year,Quarter,Ticker,Stock Price,Total Revenue,Net Income,EPS,Operating Margin
1090872,2000,1,A,62.53,2485.0,166.0,0.37,8.61
1090872,2000,3,A,29.42,2670.0,155.0,0.34,7.87
1090872,2001,1,A,18.48,2841.0,154.0,0.34,9.82
1090872,2001,3,A,11.75,1806.0,-219.0,-0.48,-18.93
1090872,2002,1,A,21.02,1426.0,-315.0,-0.68,-30.98
1090872,2002,2,A,14.22,1457.0,-253.0,-0.55,-23.93
1090872,2002,3,A,7.85,1391.0,-228.0,-0.49,-30.84
1090872,2003,1,A,7.91,1412.0,-369.0,-0.78,-18.12
1090872,2003,2,A,11.75,1467.0,-146.0,-0.31,-22.86
1090872,2003,3,A,13.29,1502.0,-1556.0,-3.28,-12.65
1090872,2004,1,A,19.02,1643.0,71.0,0.15,4.81
1090872,2004,2,A,17.6,1831.0,104.0,0.22,6.06
1090872,2004,3,A,12.97,1885.0,100.0,0.21,5.68
1090872,2005,1,A,13.35,1658.0,103.0,0.21,5.73
1090872,2005,2,A,13.84,1688.0,95.0,0.19,4.86
1090872,2005,3,A,19.69,1688.0,104.0,0.21,5.28
1090872,2006,1,A,22.58,1336.0,2816.0,5.95,3.0
1090872,2006,2,A,18.98,1431.0,115.0,0.27,7.83
1090872,2006,3,A,19.66,1453.0,227.0,0.55,14.24
1090872,2007,1,A,21.5,1280.0,150.0,0.37,7.42
1090872,2007,2,A,24.53,1320.0,123.0,0.31,9.9
1090872,2007,3,A,23.53,1374.0,185.0,0.47,12.2
1090872,2008,1,A,19.04,1393.0,120.0,0.32,9.6
1090872,2008,2,A,22.68,1456.0,173.0,0.48,13.1
1090872,2008,3,A,18.93,1444.0,169.0,0.47,15.1
1090872,2009,1,A,9.81,1166.0,64.0,0.18,2.1
1090872,2009,2,A,12.96,1091.0,-101.0,-0.29,-4.3
1090872,2009,3,A,17.76,1057.0,-19.0,-0.06,-0.09
1090872,2010,1,A,21.95,1213.0,79.0,0.23,7.75
1090872,2010,2,A,18.14,1271.0,108.0,0.31,12.12
1090872,2010,3,A,21.29,1384.0,205.0,0.59,8.31
1090872,2011,1,A,28.58,1519.0,193.0,0.56,13.89
1090872,2011,2,A,32.62,1677.0,200.0,0.58,15.87
1090872,2011,3,A,19.94,1691.0,330.0,0.95,16.62
1090872,2012,1,A,28.47,1635.0,230.0,0.66,16.57
1090872,2012,2,A,25.16,1733.0,255.0,0.73,17.3
1090872,2012,3,A,24.72,1723.0,243.0,0.7,15.67
1090872,2013,1,A,27.13,1680.0,179.0,0.52,12.92
1090872,2013,2,A,27.72,1732.0,166.0,0.48,12.29
1090872,2013,3,A,33.3,1652.0,168.0,0.5,14.29
1090872,2014,1,A,36.41,1679.0,195.0,0.59,12.99
1090872,2014,2,A,37.58,1731.0,139.0,0.42,12.13
1090872,2014,3,A,37.36,1766.0,147.0,0.44,12.97
1090872,2015,1,A,38.28,1026.0,72.0,0.21,11.22
1090872,2015,2,A,35.63,963.0,83.0,0.25,11.12
1090872,2015,3,A,31.8,1014.0,103.0,0.31,14.22
1090872,2016,1,A,37.01,1028.0,123.0,0.37,15.08
1090872,2016,2,A,41.43,1019.0,91.0,0.28,12.85
1090872,2016,3,A,44.09,1044.0,124.0,0.38,14.0
1090872,2017,1,A,49.76,1067.0,168.0,0.52,19.31
1090872,2017,2,A,55.95,1102.0,164.0,0.51,18.24
1090872,2017,3,A,60.56,1114.0,175.0,0.55,18.03
1090872,2018,1,A,63.38,1211.0,-320.0,-0.99,19.74
1090872,2018,2,A,58.72,1206.0,205.0,0.64,17.83
1090872,2018,3,A,67.14,1203.0,236.0,0.74,18.69
1090872,2019,1,A,76.86,1284.0,504.0,1.58,19.46
1090872,2019,2,A,71.54,1238.0,182.0,0.57,17.46
1090872,2019,3,A,73.74,1274.0,191.0,0.61,17.65
1090872,2020,1,A,69.24,1357.0,197.0,0.64,15.84
1090872,2020,2,A,85.62,1238.0,101.0,0.33,8.24
1090872,2020,3,A,97.79,1261.0,199.0,0.64,18.25
1090872,2021,1,A,123.6,1548.0,288.0,0.94,21.19
1090872,2021,2,A,143.91,1525.0,216.0,0.71,18.89
1090872,2021,3,A,153.58,1586.0,264.0,0.87,21.19
1090872,2022,1,A,129.34,1674.0,283.0,0.94,22.47
1090872,2022,2,A,116.27,1607.0,274.0,0.92,22.39
1090872,2022,3,A,119.2,1718.0,329.0,1.1,23.93
1090872,2023,1,A,136.11,1756.0,352.0,1.19,24.27
1090872,2023,2,A,118.73,1717.0,302.0,1.02,22.3
1090872,2023,3,A,110.4,1672.0,111.0,0.38,7.95
1090872,2024,1,A,144.2,1658.0,348.0,1.19,23.15
1090872,2024,2,A,128.67,1573.0,308.0,1.05,23.09
1090872,2024,3,A,147.66,1578.0,282.0,0.97,21.1
1090872,2025,1,A,116.73,1681.0,318.0,1.12,22.37
6201,2005,3,AAL,19.81,5485.0,-153.0,-0.93,0.71
6201,2006,1,AAL,37.71,5344.0,-92.0,-0.49,2.15
6201,2006,2,AAL,47.65,5975.0,291.0,1.44,7.97
6201,2006,3,AAL,41.79,5847.0,15.0,0.07,4.85
6201,2007,1,AAL,42.88,5427.0,81.0,0.35,4.57
6201,2007,2,AAL,28.54,5879.0,317.0,1.28,7.94
6201,2007,3,AAL,24.75,5946.0,175.0,0.7,5.36
6201,2008,1,AAL,8.4,5697.0,-328.0,-1.32,-3.28
6201,2008,2,AAL,2.36,6179.0,-1448.0,-5.77,-20.87
6201,2008,3,AAL,5.68,6421.0,45.0,0.17,-3.36
6201,2009,1,AAL,2.39,4839.0,-375.0,-1.35,-4.01
6201,2009,2,AAL,2.29,4889.0,-390.0,-1.39,-4.62
6201,2009,3,AAL,4.43,5127.0,-359.0,-1.26,-3.78
6201,2010,1,AAL,6.93,5068.0,-505.0,-1.52,-5.88
6201,2010,2,AAL,8.12,5674.0,-11.0,-0.03,3.45
6201,2010,3,AAL,8.72,5842.0,143.0,0.43,5.85
6201,2011,1,AAL,8.21,5533.0,-436.0,-1.31,-4.19
6201,2011,2,AAL,8.4,6114.0,-286.0,-0.85,-1.28
6201,2011,3,AAL,5.19,6376.0,-162.0,-0.48,0.61
6201,2012,1,AAL,7.16,6037.0,-1660.0,-4.95,-1.47
6201,2012,2,AAL,12.57,6452.0,-241.0,-0.72,2.2
6201,2012,3,AAL,9.86,6429.0,-238.0,-0.71,0.79
6201,2013,1,AAL,16.0,6098.0,-341.0,-1.02,0.85
6201,2013,2,AAL,15.48,6449.0,220.0,0.65,7.58
6201,2013,3,AAL,17.87,6828.0,289.0,0.86,10.22
6201,2014,1,AAL,34.5,9995.0,480.0,0.66,7.3
6201,2014,2,AAL,40.5,11355.0,864.0,1.2,12.32
6201,2014,3,AAL,33.53,11139.0,942.0,1.31,11.31
6201,2015,1,AAL,50.11,9827.0,932.0,1.34,12.38
6201,2015,2,AAL,38.0,10827.0,1704.0,2.47,17.73
6201,2016,1,AAL,39.3,9435.0,700.0,1.15,14.15
6201,2016,2,AAL,27.21,10363.0,950.0,1.69,16.88
6201,2017,1,AAL,40.97,9624.0,234.0,0.46,6.25
6201,2017,2,AAL,48.84,11105.0,803.0,1.64,13.83
6201,2017,3,AAL,46.19,10878.0,624.0,1.29,11.32
6201,2018,1,AAL,50.74,10401.0,186.0,0.39,4.14
6201,2018,2,AAL,37.16,11643.0,566.0,1.22,8.83
6201,2018,3,AAL,40.56,11559.0,341.0,0.74,5.62
6201,2019,1,AAL,31.34,10584.0,185.0,0.41,3.55
6201,2019,2,AAL,32.27,11960.0,662.0,1.49,9.63
6201,2019,3,AAL,26.78,11911.0,425.0,0.96,6.79
6201,2020,2,AAL,13.07,1622.0,-2067.0,-4.82,-153.11
6201,2020,3,AAL,12.29,3173.0,-2399.0,-4.71,-90.5
6201,2021,1,AAL,23.9,4008.0,-1250.0,-1.97,-32.81
6201,2021,2,AAL,21.21,7478.0,19.0,0.03,5.9
6201,2021,3,AAL,20.52,8969.0,169.0,0.26,6.64
6201,2022,1,AAL,18.25,8899.0,-1635.0,-2.52,-19.38
6201,2022,2,AAL,12.68,13422.0,476.0,0.73,7.58
6201,2022,3,AAL,12.04,13462.0,483.0,0.74,6.91
6201,2023,2,AAL,17.94,14055.0,1338.0,2.05,15.39
6201,2023,3,AAL,12.81,13482.0,-545.0,-0.83,-1.65
6201,2024,1,AAL,15.35,12570.0,-312.0,-0.48,0.06
6201,2024,2,AAL,11.33,14334.0,717.0,1.09,9.65
6201,2024,3,AAL,11.24,13647.0,-149.0,-0.23,0.65
320193,2000,3,AAPL,0.39,1825.0,200.0,0.62,9.21
320193,2001,1,AAPL,0.33,1007.0,-195.0,-0.58,-41.73
320193,2001,2,AAPL,0.35,1475.0,61.0,0.17,2.1
320193,2002,1,AAPL,0.36,1375.0,38.0,0.11,-0.29
320193,2002,3,AAPL,0.22,1429.0,32.0,0.09,0.91
320193,2003,1,AAPL,0.21,1472.0,-8.0,-0.02,-2.51
320193,2003,2,AAPL,0.29,1545.0,19.0,0.05,0.58
320193,2004,1,AAPL,0.41,2006.0,63.0,0.17,3.69
320193,2004,2,AAPL,0.49,1909.0,46.0,0.13,2.72
320193,2004,3,AAPL,0.58,2014.0,61.0,0.16,3.57
320193,2005,1,AAPL,1.25,3490.0,295.0,0.75,11.55
320193,2005,3,AAPL,1.61,3520.0,320.0,0.39,12.13
320193,2005,4,AAPL,2.16,5749.0,565.0,0.68,13.04
320193,2006,1,AAPL,1.89,4359.0,410.0,0.49,12.14
320193,2006,3,AAPL,2.32,4370.0,472.0,0.55,12.95
320193,2007,1,AAPL,2.8,7115.0,1004.0,1.17,18.58
320193,2007,3,AAPL,4.62,5410.0,818.0,0.94,19.24
320193,2008,1,AAPL,4.32,9608.0,1581.0,1.81,22.12
320193,2008,3,AAPL,3.42,7464.0,1072.0,1.21,18.65
320193,2009,1,AAPL,3.16,10167.0,1605.0,1.81,20.91
320193,2009,3,AAPL,5.58,8337.0,1229.0,1.38,20.05
320193,2009,4,AAPL,6.34,15683.0,3378.0,3.74,30.11
320193,2010,1,AAPL,7.07,13499.0,3074.0,3.39,29.47
320193,2010,2,AAPL,7.57,15700.0,3253.0,3.57,26.98
320193,2011,1,AAPL,10.49,26741.0,6004.0,6.53,29.26
320193,2011,2,AAPL,10.1,28571.0,7308.0,7.89,32.83
320193,2012,1,AAPL,18.04,46333.0,13064.0,14.03,37.43
320193,2012,2,AAPL,17.57,35023.0,8824.0,9.42,33.06
320193,2013,1,AAPL,13.52,54512.0,13078.0,13.93,31.57
320193,2013,3,AAPL,14.75,35323.0,6900.0,7.51,26.05
320193,2013,4,AAPL,17.46,57594.0,13072.0,14.59,30.32
320193,2014,1,AAPL,16.81,45646.0,10223.0,11.69,29.78
320193,2014,2,AAPL,20.48,37432.0,7748.0,1.29,27.48
320193,2015,1,AAPL,27.79,74599.0,18024.0,3.08,32.5
320193,2015,2,AAPL,28.13,58010.0,13569.0,2.34,31.5
320193,2015,3,AAPL,24.85,49605.0,10677.0,1.86,28.4
320193,2016,1,AAPL,24.79,75872.0,18361.0,3.3,31.83
320193,2016,3,AAPL,26.01,42358.0,7796.0,1.43,23.85
320193,2017,1,AAPL,33.37,78351.0,17891.0,3.38,29.81
320193,2017,3,AAPL,36.09,52896.0,11029.0,2.11,26.67
320193,2018,1,AAPL,39.59,88293.0,20065.0,3.92,29.77
320193,2018,3,AAPL,53.66,53265.0,11519.0,2.36,23.69
320193,2019,1,AAPL,45.5,84310.0,19965.0,4.22,27.7
320193,2019,2,AAPL,47.59,58015.0,11561.0,2.47,23.1
320193,2019,3,AAPL,54.06,53809.0,10044.0,2.2,21.45
320193,2020,1,AAPL,61.71,91819.0,22236.0,5.04,27.83
320193,2020,2,AAPL,88.77,58313.0,11249.0,2.58,22.05
320193,2020,3,AAPL,112.93,59685.0,11253.0,2.61,21.93
320193,2021,1,AAPL,119.49,111439.0,28755.0,1.7,30.06
320193,2021,2,AAPL,134.21,89584.0,23630.0,1.41,30.69
320193,2021,3,AAPL,138.86,81434.0,21744.0,1.31,29.6
320193,2022,1,AAPL,171.83,123945.0,34630.0,2.11,33.47
320193,2022,2,AAPL,134.74,97278.0,25010.0,1.54,30.83
320193,2022,3,AAPL,136.39,82959.0,19442.0,1.2,27.8
320193,2023,1,AAPL,163.25,117154.0,29998.0,1.89,30.73
320193,2023,2,AAPL,192.3,94836.0,24160.0,1.53,29.84
320193,2023,3,AAPL,169.96,81797.0,19881.0,1.27,28.13
320193,2024,1,AAPL,170.67,119575.0,33916.0,2.19,33.76
320193,2024,2,AAPL,209.91,90753.0,23636.0,1.53,30.74
320193,2024,3,AAPL,232.49,85777.0,21448.0,1.4,29.53
320193,2025,1,AAPL,222.13,124300.0,36330.0,2.41,34.47
1551152,2013,1,ABBV,24.95,4329.0,968.0,0.61,30.13
1551152,2013,2,ABBV,25.52,4692.0,1068.0,0.67,30.97
1551152,2013,3,ABBV,27.87,4658.0,964.0,0.6,29.45
1551152,2014,1,ABBV,32.57,4563.0,980.0,0.61,29.6
1551152,2014,2,ABBV,36.08,4926.0,1098.0,0.69,30.77
1551152,2014,3,ABBV,37.21,5019.0,506.0,0.32,19.14
1551152,2015,1,ABBV,38.28,5040.0,1022.0,0.64,33.45
1551152,2015,2,ABBV,44.3,5475.0,1366.0,0.84,33.8
1551152,2015,3,ABBV,36.14,5944.0,1239.0,0.75,31.72
1551152,2016,1,ABBV,38.69,5958.0,1354.0,0.83,38.27
1551152,2016,2,ABBV,42.34,6452.0,1610.0,0.99,36.97
1551152,2016,3,ABBV,43.51,6432.0,1598.0,0.97,36.7
1551152,2017,1,ABBV,45.82,6538.0,1711.0,1.07,37.0
1551152,2017,2,ABBV,51.5,6944.0,1915.0,1.2,38.53
1551152,2017,3,ABBV,63.68,6995.0,1631.0,1.02,38.67
1551152,2018,1,ABBV,68.79,7934.0,2783.0,1.74,36.61
1551152,2018,2,ABBV,68.03,8278.0,1983.0,1.26,33.35
1551152,2018,3,ABBV,70.16,8236.0,2747.0,1.81,38.38
1551152,2019,1,ABBV,61.16,7828.0,2456.0,1.65,38.44
1551152,2019,2,ABBV,55.92,8255.0,741.0,0.49,41.2
1551152,2019,3,ABBV,59.12,8479.0,1884.0,1.27,30.86
1551152,2020,1,ABBV,61.17,8619.0,3010.0,2.02,41.79
1551152,2020,2,ABBV,80.0,10425.0,-738.0,-0.46,7.22
1551152,2020,3,ABBV,72.24,12902.0,2308.0,1.3,25.23
1551152,2021,1,ABBV,91.53,13010.0,3553.0,1.99,31.53
1551152,2021,2,ABBV,96.42,13959.0,766.0,0.42,31.8
1551152,2021,3,ABBV,93.37,14342.0,3179.0,1.78,30.01
1551152,2022,1,ABBV,143.49,13538.0,4490.0,2.51,34.85
1551152,2022,2,ABBV,136.72,14583.0,924.0,0.52,22.59
1551152,2022,3,ABBV,120.93,14812.0,3949.0,2.22,31.07
1551152,2023,1,ABBV,146.44,12225.0,239.0,0.13,22.63
1551152,2023,2,ABBV,124.94,13865.0,2024.0,1.14,32.55
1551152,2023,3,ABBV,139.76,13927.0,1778.0,1.0,16.38
1551152,2024,1,ABBV,174.09,12310.0,1369.0,0.77,22.73
1551152,2024,2,ABBV,165.51,14462.0,1370.0,0.77,27.64
1551152,2024,3,ABBV,192.31,14460.0,1561.0,0.88,26.49
1800,2000,2,ABT,10.55,3370.15,685.2,0.44,24.97
1800,2000,3,ABT,11.31,3317.9,654.42,0.42,23.66
1800,2001,1,ABT,11.32,3559.88,-223.61,-0.14,-4.6
1800,2001,2,ABT,11.56,4099.12,529.05,0.34,14.6
1800,2001,3,ABT,12.54,4181.19,631.4,0.41,17.81
1800,2002,1,ABT,12.83,4189.29,854.28,0.55,24.94
1800,2002,2,ABT,9.22,4314.89,592.27,0.38,15.83
1800,2002,3,ABT,9.96,4341.24,720.05,0.46,21.03
1800,2003,1,ABT,9.38,4580.46,800.98,0.51,21.4
1800,2003,2,ABT,10.99,4723.64,246.64,0.16,6.89
1800,2003,3,ABT,10.74,4845.88,761.22,0.49,18.8
1800,2004,1,ABT,10.49,5216.05,822.91,0.53,19.79
1800,2004,2,ABT,12.03,4703.05,634.26,0.41,16.93
1800,2004,3,ABT,12.58,4681.67,804.08,0.52,21.85
1800,2005,1,ABT,14.01,5382.68,837.89,0.54,21.11
1800,2005,2,ABT,14.81,5523.8,877.05,0.56,19.8
1800,2005,3,ABT,12.89,5384.0,680.71,0.44,15.43
1800,2006,1,ABT,13.08,5183.46,864.88,0.57,20.52
1800,2006,2,ABT,13.52,5501.12,612.24,0.4,9.87
1800,2006,3,ABT,15.16,5573.77,715.84,0.47,12.37
1800,2007,1,ABT,17.63,5290.28,697.54,0.45,16.6
1800,2007,2,ABT,17.02,6370.62,988.74,0.64,18.62
1800,2007,3,ABT,17.14,6376.71,717.01,0.46,14.53
1800,2008,1,ABT,17.84,6765.6,937.87,0.61,16.96
1800,2008,2,ABT,17.25,7314.02,1322.01,0.86,19.24
1800,2008,3,ABT,18.87,7497.66,1084.61,0.7,18.62
1800,2009,1,ABT,15.86,6718.37,1438.64,0.93,15.8
1800,2009,2,ABT,15.78,7494.88,1288.11,0.83,22.3
1800,2009,3,ABT,16.74,7761.34,1480.37,0.95,21.13
1800,2010,1,ABT,18.1,7698.35,1003.02,0.65,19.1
1800,2010,2,ABT,16.21,8826.01,1291.65,0.83,18.19
1800,2010,3,ABT,18.27,8674.51,890.66,0.58,13.6
1800,2011,1,ABT,17.46,9040.85,863.82,0.56,14.38
1800,2011,2,ABT,18.91,9616.29,1942.78,1.24,18.45
1800,2011,3,ABT,18.54,9816.67,303.18,0.19,6.06
1800,2012,1,ABT,22.62,9456.63,1242.12,0.79,16.67
1800,2012,2,ABT,24.0,9807.1,1724.61,1.09,21.46
1800,2012,3,ABT,25.72,9773.24,1942.81,1.22,20.37
1800,2013,1,ABT,27.93,5377.9,544.66,0.35,11.44
1800,2013,2,ABT,27.69,5446.03,476.06,0.3,11.53
1800,2013,3,ABT,26.45,5369.14,965.73,0.62,11.74
1800,2014,1,ABT,31.0,5244.0,375.0,0.24,8.6
1800,2014,2,ABT,33.12,5551.0,466.0,0.3,13.71
1800,2014,3,ABT,33.86,5104.0,538.0,0.36,14.32
1800,2015,1,ABT,38.12,4897.0,2292.0,1.52,12.46
1800,2015,2,ABT,40.58,5170.0,784.0,0.52,14.1
1800,2015,3,ABT,33.42,5150.0,580.0,0.39,13.83
1800,2016,1,ABT,35.18,4885.0,316.0,0.21,10.73
1800,2016,2,ABT,33.26,5333.0,615.0,0.41,15.31
1800,2016,3,ABT,36.0,5302.0,-329.0,-0.22,16.91
1800,2017,1,ABT,38.29,6335.0,419.0,0.24,-3.19
1800,2017,2,ABT,42.17,6637.0,283.0,0.16,6.43
1800,2017,3,ABT,46.55,6829.0,603.0,0.34,11.86
1800,2018,1,ABT,52.78,7390.0,418.0,0.24,8.23
1800,2018,2,ABT,53.98,7767.0,733.0,0.42,11.35
1800,2018,3,ABT,65.22,7656.0,563.0,0.32,13.0
1800,2019,1,ABT,71.69,7535.0,672.0,0.38,9.81
1800,2019,2,ABT,75.73,7979.0,1006.0,0.57,15.12
1800,2019,3,ABT,75.63,8076.0,960.0,0.54,14.82
1800,2020,1,ABT,71.92,7726.0,564.0,0.32,9.82
1800,2020,2,ABT,83.68,7328.0,537.0,0.3,9.17
1800,2020,3,ABT,99.99,8853.0,1232.0,0.69,16.88
1800,2021,1,ABT,110.92,10456.0,1793.0,1.0,20.16
1800,2021,2,ABT,107.69,10223.0,1189.0,0.67,13.61
1800,2021,3,ABT,110.15,10928.0,2100.0,1.18,23.3
1800,2022,1,ABT,111.18,11895.0,2447.0,1.38,24.48
1800,2022,2,ABT,102.47,11257.0,2018.0,1.15,21.1
1800,2022,3,ABT,91.66,10410.0,1435.0,0.82,17.01
1800,2023,1,ABT,96.81,9747.0,1318.0,0.75,15.47
1800,2023,2,ABT,104.75,9978.0,1375.0,0.79,15.45
1800,2023,3,ABT,93.51,10143.0,1436.0,0.82,16.23
1800,2024,1,ABT,110.88,9964.0,1225.0,0.7,13.91
1800,2024,2,ABT,101.87,10377.0,1302.0,0.74,16.08
1800,2024,3,ABT,112.36,10635.0,1646.0,0.94,17.48
796343,1999,2,ADBE,10.19,245.89,44.96,0.74,21.0
796343,1999,3,ADBE,14.08,260.88,57.16,0.94,27.59
796343,2000,1,ADBE,27.64,282.23,64.57,0.54,31.55
796343,2000,2,ADBE,32.28,300.09,65.78,0.55,29.84
796343,2000,3,ADBE,38.56,328.87,78.27,0.66,32.2
796343,2001,1,ADBE,17.38,328.97,69.76,0.29,35.1
796343,2001,2,ADBE,23.37,344.09,61.31,0.26,34.25
796343,2001,3,ADBE,11.93,292.12,40.29,0.17,31.78
796343,2002,1,ADBE,20.06,267.9,49.81,0.21,23.8
796343,2002,2,ADBE,14.2,317.36,54.3,0.23,28.63
796343,2002,3,ADBE,9.52,284.88,47.2,0.2,24.38
796343,2003,1,ADBE,15.38,296.9,54.23,0.23,27.13
796343,2003,2,ADBE,16.0,320.15,64.25,0.28,28.57
796343,2003,3,ADBE,19.66,319.12,64.52,0.28,28.88
796343,2004,1,ADBE,19.63,423.28,123.04,0.52,38.57
796343,2004,2,ADBE,23.23,410.09,109.4,0.46,34.57
796343,2004,3,ADBE,24.72,403.71,104.46,0.44,34.73
796343,2005,1,ADBE,33.58,472.88,151.89,0.62,36.1
796343,2005,2,ADBE,28.61,496.03,149.78,0.31,36.73
796343,2005,3,ADBE,29.85,487.04,144.92,0.29,37.68
796343,2006,1,ADBE,34.95,655.48,105.07,0.18,19.83
796343,2006,2,ADBE,30.36,635.46,123.1,0.21,23.28
796343,2006,3,ADBE,37.46,602.19,94.4,0.16,18.26
796343,2007,1,ADBE,41.7,649.41,143.85,0.24,22.53
796343,2007,2,ADBE,40.15,745.58,152.51,0.26,24.19
796343,2007,3,ADBE,43.66,851.69,205.24,0.35,29.93
796343,2008,1,ADBE,35.59,890.45,219.38,0.39,30.93
796343,2008,2,ADBE,39.39,886.89,214.91,0.4,29.33
796343,2008,3,ADBE,39.47,887.26,191.61,0.36,24.74
796343,2009,1,ADBE,21.39,786.39,156.44,0.3,26.44
796343,2009,2,ADBE,28.3,704.67,126.07,0.24,22.9
796343,2009,3,ADBE,33.04,697.51,136.05,0.26,24.04
796343,2010,1,ADBE,35.37,858.7,127.15,0.24,20.6
796343,2010,2,ADBE,26.43,943.04,148.61,0.28,24.09
796343,2010,3,ADBE,26.15,990.32,230.07,0.44,30.49
796343,2011,1,ADBE,33.16,1027.71,234.59,0.47,29.4
796343,2011,2,ADBE,31.45,1023.18,229.44,0.46,27.03
796343,2011,3,ADBE,24.17,1013.21,195.1,0.39,27.05
796343,2012,1,ADBE,34.31,1045.22,185.21,0.37,27.66
796343,2012,2,ADBE,32.37,1124.45,223.88,0.45,27.14
796343,2012,3,ADBE,32.44,1080.58,201.36,0.41,25.75
796343,2013,1,ADBE,43.52,1007.87,65.12,0.13,9.74
796343,2013,2,ADBE,45.56,1010.55,76.55,0.15,11.02
796343,2013,3,ADBE,51.94,995.12,83.0,0.16,11.09
796343,2014,1,ADBE,65.74,1000.12,47.05,0.09,7.87
796343,2014,2,ADBE,72.36,1068.21,88.53,0.18,12.66
796343,2014,3,ADBE,69.19,1005.41,44.69,0.09,7.38
796343,2015,1,ADBE,73.94,1109.18,84.89,0.17,15.6
796343,2015,2,ADBE,81.01,1162.16,147.49,0.3,16.67
796343,2015,3,ADBE,82.22,1217.77,174.47,0.35,20.19
796343,2016,1,ADBE,93.8,1383.34,254.31,0.51,22.24
796343,2016,2,ADBE,95.79,1398.71,244.07,0.49,24.61
796343,2016,3,ADBE,108.54,1463.97,270.79,0.54,25.23
796343,2017,1,ADBE,130.13,1681.65,398.45,0.81,27.89
796343,2017,2,ADBE,141.44,1772.19,374.39,0.76,28.44
796343,2017,3,ADBE,149.18,1841.07,419.57,0.85,29.64
796343,2018,1,ADBE,216.08,2078.95,583.08,1.18,33.83
796343,2018,2,ADBE,243.81,2195.36,663.17,1.35,31.8
796343,2018,3,ADBE,269.95,2291.08,666.29,1.36,31.37
796343,2019,1,ADBE,266.49,2600.95,674.24,1.38,26.71
796343,2019,2,ADBE,294.65,2744.28,632.59,1.3,27.32
796343,2019,3,ADBE,276.25,2834.13,792.76,1.63,30.11
796343,2020,1,ADBE,318.24,3091.0,955.0,1.98,30.3
796343,2020,2,ADBE,435.31,3128.0,1100.0,2.28,32.49
796343,2020,3,ADBE,490.43,3225.0,955.0,1.99,33.16
796343,2021,1,ADBE,475.37,3905.0,1261.0,2.63,37.23
796343,2021,2,ADBE,585.64,3835.0,1116.0,2.34,36.67
796343,2021,3,ADBE,575.72,3935.0,1212.0,2.54,36.61
796343,2022,1,ADBE,455.62,4262.0,1266.0,2.68,37.07
796343,2022,2,ADBE,366.06,4386.0,1178.0,2.5,34.88
796343,2022,3,ADBE,275.2,4433.0,1136.0,2.42,33.47
796343,2023,1,ADBE,385.37,4655.0,1247.0,2.72,34.1
796343,2023,2,ADBE,488.99,4816.0,1295.0,2.83,33.73
796343,2023,3,ADBE,509.9,4890.0,1403.0,3.07,34.68
796343,2024,1,ADBE,504.6,5182.0,620.0,1.37,17.5
796343,2024,2,ADBE,555.54,5309.0,1573.0,3.5,35.52
796343,2024,3,ADBE,517.78,5408.0,1684.0,3.78,36.83
796343,2025,1,ADBE,383.53,5714.0,1811.0,4.15,37.87
4977,2000,3,AFL,9.84,2475.0,163.0,0.61,10.18
4977,2001,1,AFL,8.41,2421.0,178.0,0.34,11.32
4977,2001,2,AFL,9.63,2348.0,153.0,0.29,10.61
4977,2001,3,AFL,8.27,2446.0,193.0,0.37,12.02
4977,2002,1,AFL,9.07,2371.0,183.0,0.35,8.1
4977,2002,2,AFL,9.86,2513.0,212.0,0.41,8.04
4977,2002,3,AFL,9.47,2707.0,240.0,0.46,13.18
4977,2003,1,AFL,9.94,2807.0,237.0,0.46,8.7
4977,2003,2,AFL,9.55,2861.0,248.0,0.48,8.39
4977,2003,3,AFL,10.06,2931.0,237.0,0.46,8.37
4977,2004,1,AFL,12.56,3280.0,315.0,0.62,14.57
4977,2004,2,AFL,12.8,3233.0,265.0,0.52,13.0
4977,2004,3,AFL,12.33,3321.0,301.0,0.59,13.81
4977,2005,1,AFL,11.78,3559.0,328.0,0.65,14.22
4977,2005,2,AFL,13.72,3567.0,336.0,0.67,14.48
4977,2005,3,AFL,14.4,3669.0,455.0,0.91,17.58
4977,2006,1,AFL,14.41,3559.0,375.0,0.75,16.17
4977,2006,2,AFL,14.84,3697.0,408.0,0.82,16.87
4977,2006,3,AFL,14.7,3672.0,367.0,0.74,15.16
4977,2007,1,AFL,15.23,3751.0,416.0,0.85,17.0
4977,2007,2,AFL,16.7,3764.0,415.0,0.85,16.87
4977,2007,3,AFL,18.6,3861.0,420.0,0.86,16.62
4977,2008,1,AFL,21.34,4267.0,474.0,0.99,17.02
4977,2008,2,AFL,20.71,4336.0,483.0,1.02,17.06
4977,2008,3,AFL,19.46,3691.0,100.0,0.21,4.01
4977,2009,1,AFL,6.53,4818.0,569.0,1.22,18.08
4977,2009,2,AFL,10.58,4313.0,314.0,0.67,10.97
4977,2009,3,AFL,14.64,4526.0,363.0,0.78,12.13
4977,2010,1,AFL,18.83,5065.0,636.0,1.36,12.55
4977,2010,2,AFL,14.89,4980.0,581.0,1.24,17.87
4977,2010,3,AFL,18.15,5394.0,690.0,1.47,19.57
4977,2011,1,AFL,18.73,5117.0,395.0,0.84,11.72
4977,2011,2,AFL,16.66,5100.0,280.0,0.6,20.46
4977,2011,3,AFL,12.57,5987.0,744.0,1.6,18.45
4977,2012,1,AFL,16.78,6240.0,785.0,1.68,12.59
4977,2012,2,AFL,15.66,5902.0,483.0,1.04,12.55
4977,2012,3,AFL,17.73,6800.0,1017.0,2.16,18.44
4977,2013,1,AFL,19.54,6200.0,892.0,1.9,12.74
4977,2013,2,AFL,21.97,6044.0,889.0,1.91,22.48
4977,2013,3,AFL,23.57,5900.0,702.0,1.5,11.64
4977,2014,1,AFL,24.24,5640.0,732.0,1.6,19.57
4977,2014,2,AFL,24.08,5838.0,810.0,1.79,21.21
4977,2014,3,AFL,22.68,5700.0,706.0,1.56,12.02
4977,2015,1,AFL,25.24,5207.0,663.0,1.51,13.03
4977,2015,2,AFL,24.68,5300.0,573.0,1.32,12.28
4977,2015,3,AFL,23.21,5114.0,567.0,1.32,13.14
4977,2016,1,AFL,25.55,5353.0,731.0,1.74,21.86
4977,2016,2,AFL,29.38,5437.0,548.0,1.33,15.33
4977,2016,3,AFL,29.42,5716.0,629.0,1.54,13.1
4977,2017,1,AFL,30.01,5330.0,592.0,1.47,20.24
4977,2017,2,AFL,32.38,5428.0,713.0,1.8,19.25
4977,2017,3,AFL,34.11,5506.0,716.0,1.81,19.53
4977,2018,1,AFL,37.09,5464.0,717.0,0.92,13.12
4977,2018,2,AFL,36.67,5589.0,832.0,1.08,20.23
4977,2018,3,AFL,40.35,5600.0,845.0,1.09,15.09
4977,2019,1,AFL,43.34,5657.0,928.0,1.23,21.95
4977,2019,2,AFL,47.76,5511.0,817.0,1.1,20.13
4977,2019,3,AFL,45.83,5500.0,777.0,1.04,14.13
4977,2020,1,AFL,30.3,5162.0,566.0,0.78,13.94
4977,2020,2,AFL,32.14,5407.0,805.0,1.12,14.88
4977,2020,3,AFL,32.67,5665.0,2456.0,3.45,20.37
4977,2021,1,AFL,46.63,5900.0,1300.0,1.87,22.03
4977,2021,2,AFL,49.18,5600.0,1100.0,1.62,19.64
4977,2021,3,AFL,48.05,5200.0,888.0,1.32,24.0
4977,2022,1,AFL,60.07,5300.0,1000.0,1.58,21.57
4977,2022,2,AFL,51.99,5400.0,1388.0,2.17,31.5
4977,2022,3,AFL,53.15,4800.0,1600.0,2.53,33.33
4977,2023,1,AFL,61.74,4800.0,1200.0,1.94,25.0
4977,2023,2,AFL,67.22,5172.0,1634.0,2.71,31.59
4977,2023,3,AFL,74.33,4950.0,1569.0,2.64,36.46
4977,2024,1,AFL,84.11,5400.0,1900.0,3.25,35.19
4977,2024,2,AFL,87.99,5100.0,1800.0,3.1,35.29
4977,2024,3,AFL,110.68,2949.0,-93.0,-0.17,3.12
2488,2001,1,AMD,26.54,1188.75,124.84,0.4,14.05
2488,2001,2,AMD,28.9,985.26,17.35,0.05,2.2
2488,2001,3,AMD,8.15,765.87,-186.93,-0.54,-29.96
2488,2002,1,AMD,14.71,902.07,-9.16,-0.03,-1.5
2488,2002,2,AMD,9.72,600.3,-184.94,-0.54,-49.44
2488,2002,3,AMD,5.34,508.23,-254.17,-0.74,-64.0
2488,2003,1,AMD,6.18,714.56,-146.36,-0.42,-17.56
2488,2003,2,AMD,6.41,645.26,-140.1,-0.4,-19.14
2488,2003,3,AMD,11.11,954.0,-31.23,-0.09,-3.17
2488,2004,1,AMD,16.23,1236.43,45.09,0.13,4.96
2488,2004,2,AMD,15.9,1261.84,32.18,0.09,5.74
2488,2004,3,AMD,13.0,1239.46,43.85,0.12,5.52
2488,2005,1,AMD,16.12,1226.63,-17.42,-0.04,-3.72
2488,2005,2,AMD,17.34,1259.92,11.32,0.03,-0.57
2488,2005,3,AMD,25.2,1522.76,76.0,0.19,5.17
2488,2006,1,AMD,33.16,1332.16,184.52,0.4,19.44
2488,2006,2,AMD,24.42,1216.37,88.85,0.18,8.4
2488,2006,3,AMD,24.85,1327.62,134.46,0.28,8.97
2488,2007,1,AMD,13.06,1233.0,-611.0,-1.11,-40.89
2488,2007,2,AMD,14.3,1378.0,-600.0,-1.09,-33.17
2488,2007,3,AMD,13.2,1632.0,-396.0,-0.71,-13.84
2488,2008,1,AMD,5.89,1505.0,-358.0,-0.59,-17.57
2488,2008,2,AMD,5.83,1349.0,-1189.0,-1.96,-10.59
2488,2008,3,AMD,5.25,1776.0,-127.0,-0.21,7.37
2488,2009,1,AMD,3.05,1177.0,-416.0,-0.66,-25.3
2488,2009,2,AMD,3.87,1184.0,-330.0,-0.49,-21.01
2488,2009,3,AMD,5.66,1396.0,-128.0,-0.18,-5.52
2488,2010,1,AMD,9.27,1574.0,257.0,0.36,11.57
2488,2010,2,AMD,7.32,1653.0,-43.0,-0.06,7.57
2488,2010,3,AMD,7.11,1618.0,-118.0,-0.17,7.91
2488,2011,1,AMD,8.6,1613.0,510.0,0.71,3.35
2488,2011,2,AMD,6.99,1574.0,61.0,0.08,6.67
2488,2011,3,AMD,5.08,1690.0,97.0,0.13,8.16
2488,2012,1,AMD,8.02,1585.0,-590.0,-0.8,-36.58
2488,2012,2,AMD,5.73,1413.0,37.0,0.05,5.45
2488,2012,3,AMD,3.37,1269.0,-157.0,-0.21,-10.33
2488,2013,1,AMD,2.55,1088.0,-146.0,-0.19,-9.01
2488,2013,2,AMD,4.08,1161.0,-74.0,-0.1,-2.5
2488,2013,3,AMD,3.81,1461.0,48.0,0.06,6.5
2488,2014,1,AMD,4.01,1397.0,-20.0,-0.03,3.51
2488,2014,2,AMD,4.19,1441.0,-36.0,-0.05,4.38
2488,2014,3,AMD,3.41,1429.0,17.0,0.02,4.41
2488,2015,1,AMD,2.68,1030.0,-180.0,-0.23,-13.3
2488,2015,2,AMD,2.4,942.0,-181.0,-0.23,-14.56
2488,2015,3,AMD,1.72,1061.0,-197.0,-0.25,-14.9
2488,2016,1,AMD,2.85,832.0,-109.0,-0.14,-8.17
2488,2016,2,AMD,5.14,1027.0,69.0,0.09,-0.78
2488,2016,3,AMD,6.91,1307.0,-398.0,-0.5,-22.4
2488,2017,1,AMD,14.55,984.0,-73.0,-0.08,-2.95
2488,2017,2,AMD,12.48,1222.0,-16.0,-0.02,2.05
2488,2017,3,AMD,12.75,1643.0,71.0,0.07,7.67
2488,2018,1,AMD,10.05,1647.0,81.0,0.08,7.29
2488,2018,2,AMD,14.99,1756.0,116.0,0.12,8.71
2488,2018,3,AMD,30.89,1653.0,102.0,0.1,9.08
2488,2019,1,AMD,25.52,1272.0,16.0,0.01,2.99
2488,2019,2,AMD,30.37,1531.0,35.0,0.03,3.85
2488,2019,3,AMD,28.99,1801.0,120.0,0.11,10.33
2488,2020,1,AMD,45.48,1786.0,162.0,0.14,9.92
2488,2020,2,AMD,52.61,1932.0,157.0,0.13,8.96
2488,2020,3,AMD,81.99,2801.0,390.0,0.33,16.03
2488,2021,1,AMD,78.5,3445.0,555.0,0.46,19.21
2488,2021,2,AMD,93.93,3850.0,710.0,0.58,21.56
2488,2021,3,AMD,102.9,4313.0,923.0,0.76,21.97
2488,2022,1,AMD,109.34,5887.0,786.0,0.56,16.14
2488,2022,2,AMD,76.47,6550.0,447.0,0.28,8.03
2488,2022,3,AMD,63.36,5565.0,66.0,0.04,-1.15
2488,2023,1,AMD,98.01,5353.0,-139.0,-0.09,-2.71
2488,2023,2,AMD,113.91,5359.0,27.0,0.02,-0.37
2488,2023,3,AMD,102.82,5800.0,299.0,0.18,3.86
2488,2024,1,AMD,180.49,5473.0,123.0,0.08,0.66
2488,2024,2,AMD,162.21,5835.0,265.0,0.16,4.61
2488,2024,3,AMD,164.08,6819.0,771.0,0.48,10.62
1018724,2000,2,AMZN,1.82,577.88,-317.18,-0.91,-31.21
1018724,2000,3,AMZN,1.92,637.86,-240.52,-0.68,-25.63
1018724,2001,1,AMZN,0.51,700.36,-234.13,-0.66,-30.94
1018724,2001,2,AMZN,0.71,667.63,-168.36,-0.47,-20.95
1018724,2001,3,AMZN,0.3,639.28,-169.87,-0.46,-11.01
1018724,2002,1,AMZN,0.71,847.42,-23.15,-0.06,0.21
1018724,2002,2,AMZN,0.81,805.61,-93.55,-0.25,0.18
1018724,2002,3,AMZN,0.8,851.3,-35.08,-0.09,-1.13
1018724,2003,1,AMZN,1.3,1083.56,-10.12,-0.03,3.62
1018724,2003,2,AMZN,1.82,1099.91,-43.31,-0.11,3.8
1018724,2003,3,AMZN,2.42,1134.46,15.56,0.04,4.58
1018724,2004,1,AMZN,2.16,1530.35,111.14,0.28,8.0
1018724,2004,2,AMZN,2.72,1387.34,76.48,0.19,6.22
1018724,2004,3,AMZN,2.04,1462.48,54.15,0.13,5.56
1018724,2005,1,AMZN,1.71,1902.0,78.0,0.19,5.68
1018724,2005,2,AMZN,1.65,1753.0,52.0,0.13,5.94
1018724,2005,3,AMZN,2.27,1858.0,30.0,0.07,2.96
1018724,2006,1,AMZN,1.83,2279.0,51.0,0.12,4.65
1018724,2006,2,AMZN,1.93,2139.0,22.0,0.05,2.2
1018724,2006,3,AMZN,1.61,2307.0,19.0,0.05,1.73
1018724,2007,1,AMZN,1.99,3015.0,111.0,0.27,4.81
1018724,2007,2,AMZN,3.42,2886.0,78.0,0.19,4.02
1018724,2007,3,AMZN,4.66,3262.0,80.0,0.19,3.77
1018724,2008,1,AMZN,3.57,4135.0,143.0,0.34,4.79
1018724,2008,2,AMZN,3.67,4063.0,158.0,0.38,5.33
1018724,2008,3,AMZN,3.64,4264.0,118.0,0.28,3.61
1018724,2009,1,AMZN,3.67,4889.0,177.0,0.41,4.99
1018724,2009,2,AMZN,4.18,4651.0,142.0,0.33,3.42
1018724,2009,3,AMZN,4.67,5449.0,199.0,0.46,4.61
1018724,2010,1,AMZN,6.79,7131.0,299.0,0.67,5.52
1018724,2010,2,AMZN,5.46,6566.0,207.0,0.46,4.11
1018724,2010,3,AMZN,7.85,7560.0,231.0,0.51,3.54
1018724,2011,1,AMZN,9.01,9857.0,201.0,0.44,3.27
1018724,2011,2,AMZN,10.22,9913.0,191.0,0.42,2.03
1018724,2011,3,AMZN,10.81,10876.0,63.0,0.14,0.73
1018724,2012,1,AMZN,10.13,13185.0,130.0,0.29,1.46
1018724,2012,2,AMZN,11.42,12834.0,7.0,0.02,0.83
1018724,2012,3,AMZN,12.72,13806.0,-274.0,-0.6,-0.2
1018724,2013,1,AMZN,13.32,16070.0,82.0,0.18,1.13
1018724,2013,2,AMZN,13.88,15704.0,-7.0,-0.02,0.5
1018724,2013,3,AMZN,15.63,17092.0,-41.0,-0.09,-0.15
1018724,2014,1,AMZN,16.82,19741.0,108.0,0.23,0.74
1018724,2014,2,AMZN,16.24,19340.0,-126.0,-0.27,-0.08
1018724,2014,3,AMZN,16.12,20579.0,-437.0,-0.95,-2.64
1018724,2015,1,AMZN,18.6,22717.0,-57.0,-0.12,1.12
1018724,2015,2,AMZN,21.7,23185.0,92.0,0.2,2.0
1018724,2015,3,AMZN,25.59,25358.0,79.0,0.17,1.6
1018724,2016,1,AMZN,29.68,29128.0,513.0,1.09,3.68
1018724,2016,2,AMZN,35.78,30404.0,857.0,1.81,4.23
1018724,2016,3,AMZN,41.87,32714.0,252.0,0.53,1.76
1018724,2017,1,AMZN,44.33,35714.0,724.0,1.52,2.81
1018724,2017,2,AMZN,48.4,37955.0,197.0,0.41,1.65
1018724,2017,3,AMZN,48.07,43744.0,256.0,0.53,0.79
1018724,2018,1,AMZN,72.37,51042.0,1629.0,3.36,3.78
1018724,2018,2,AMZN,84.99,52886.0,2534.0,5.21,5.64
1018724,2018,3,AMZN,100.15,56576.0,2883.0,5.91,6.58
1018724,2019,1,AMZN,89.04,59700.0,3561.0,7.24,7.4
1018724,2019,2,AMZN,94.68,63404.0,2625.0,5.32,4.86
1018724,2019,3,AMZN,86.8,69981.0,2134.0,4.31,4.52
1018724,2020,1,AMZN,97.49,75452.0,2535.0,5.09,5.29
1018724,2020,2,AMZN,137.94,88912.0,5243.0,10.5,6.57
1018724,2020,3,AMZN,157.44,96145.0,6331.0,12.63,6.44
1018724,2021,1,AMZN,154.7,108518.0,8107.0,16.09,8.17
1018724,2021,2,AMZN,172.01,113080.0,7778.0,15.4,6.81
1018724,2021,3,AMZN,164.25,110812.0,3156.0,6.23,4.38
1018724,2022,1,AMZN,163.0,116444.0,-3844.0,-7.56,3.15
1018724,2022,2,AMZN,106.21,121234.0,-2028.0,-0.2,2.73
1018724,2022,3,AMZN,113.0,127101.0,2872.0,0.28,1.99
1018724,2023,1,AMZN,103.29,127358.0,3172.0,0.31,3.75
1018724,2023,2,AMZN,130.36,134383.0,6750.0,0.66,5.72
1018724,2023,3,AMZN,127.12,143083.0,9879.0,0.96,7.83
1018724,2024,1,AMZN,180.38,143313.0,10431.0,1.0,10.68
1018724,2024,2,AMZN,193.25,147977.0,13485.0,1.29,9.92
1018724,2024,3,AMZN,186.33,158877.0,15328.0,1.46,10.95
2969,2001,1,APD,20.19,1498.3,94.6,0.44,17.6
2969,2001,3,APD,20.48,1415.9,132.3,0.62,17.8
2969,2001,4,APD,25.01,1316.5,113.7,0.53,14.0
2969,2002,1,APD,27.65,1312.7,126.1,0.58,11.79
2969,2002,3,APD,22.69,1374.0,141.3,0.65,15.65
2969,2002,4,APD,23.21,1447.0,125.8,0.57,13.57
2969,2003,1,APD,22.61,1578.1,113.6,0.52,13.5
2969,2003,3,APD,24.87,1629.9,26.6,0.12,2.45
2969,2004,1,APD,27.89,1684.9,131.8,0.59,11.8
2969,2004,2,APD,29.35,1892.5,163.0,0.73,12.35
2969,2004,4,APD,32.77,1991.0,166.8,0.74,11.97
2969,2005,1,APD,35.97,2003.3,175.3,0.77,12.59
2969,2005,2,APD,34.45,2078.4,190.6,0.84,12.64
2969,2005,4,APD,34.2,2098.6,180.7,0.81,12.02
2969,2006,1,APD,39.02,2317.2,204.0,0.92,12.71
2969,2006,2,APD,37.32,2319.6,210.3,0.94,12.86
2969,2006,4,APD,41.44,2432.5,230.3,1.03,13.66
2969,2007,1,APD,43.84,2473.3,227.6,1.05,13.13
2969,2007,2,APD,47.86,2595.0,284.9,1.32,14.04
2969,2007,4,APD,59.18,2473.6,263.7,1.23,15.03
2969,2008,1,APD,55.47,2605.3,314.3,1.48,12.98
2969,2008,3,APD,41.74,2808.0,70.1,0.33,2.41
2969,2009,1,APD,34.86,2195.3,68.6,0.33,5.2
2969,2009,2,APD,40.31,1976.2,113.2,0.54,7.27
2969,2009,4,APD,51.16,2173.5,251.8,1.19,15.87
2969,2010,1,APD,46.98,2249.0,252.0,1.19,15.14
2969,2010,2,APD,41.47,2252.3,261.3,1.19,14.93
2969,2010,4,APD,58.86,2391.7,275.9,1.25,15.1
2969,2011,1,APD,58.74,2501.3,304.3,1.42,16.8
2969,2011,2,APD,62.64,2577.8,326.5,1.5,16.2
2969,2011,4,APD,56.63,2423.1,248.1,1.18,15.9
2969,2012,1,APD,61.46,2344.3,296.0,1.4,12.28
2969,2012,2,APD,54.5,2340.1,484.5,2.29,20.6
2969,2012,4,APD,57.59,2562.4,287.2,1.33,14.5
2969,2013,1,APD,60.2,2484.2,299.6,1.39,15.7
2969,2013,2,APD,63.75,2547.3,288.4,1.38,15.0
2969,2013,4,APD,78.82,2545.5,299.1,1.35,15.1
2969,2014,1,APD,84.49,2581.9,291.5,1.33,14.9
2969,2014,3,APD,93.48,2634.6,314.0,1.47,15.7
2969,2014,4,APD,104.11,2560.8,324.6,1.5,16.8
2969,2015,1,APD,109.78,2414.5,296.9,1.35,15.5
2969,2015,2,APD,99.87,2470.2,318.8,1.48,17.1
2969,2015,4,APD,96.16,2355.8,372.0,1.68,20.9
2969,2016,1,APD,107.1,2271.2,-473.3,-2.19,22.6
2969,2016,2,APD,106.28,2434.4,354.1,1.6,22.0
2969,2016,4,APD,117.76,1882.5,306.4,1.38,17.4
2969,2017,1,APD,111.55,1980.1,2130.0,9.7,19.8
2969,2017,2,APD,118.73,2121.9,104.1,0.47,11.9
2969,2017,4,APD,137.82,2216.6,161.7,0.7,20.8
2969,2018,1,APD,134.52,2155.7,423.6,1.89,21.1
2969,2018,3,APD,143.24,2259.0,487.9,2.16,22.8
2969,2018,4,APD,138.18,2224.0,357.0,1.57,20.5
2969,2019,1,APD,165.88,2187.7,433.5,1.91,23.6
2969,2019,3,APD,194.75,2224.0,500.2,2.21,25.6
2969,2019,4,APD,207.3,2254.7,488.9,2.15,24.9
2969,2020,1,APD,177.24,2216.3,490.4,2.16,26.04
2969,2020,2,APD,215.61,2065.2,457.1,2.02,26.1
2969,2020,4,APD,246.3,2375.2,486.7,2.18,22.7
2969,2021,1,APD,254.98,2502.0,477.1,2.13,21.93
2969,2021,3,APD,234.68,2604.7,532.3,2.41,22.16
2969,2021,4,APD,280.18,2994.2,549.6,2.52,17.5
2969,2022,1,APD,231.61,2945.1,536.8,2.39,19.1
2969,2022,2,APD,224.37,3189.3,587.1,2.62,19.7
2969,2022,4,APD,291.15,3174.7,583.8,2.58,20.5
2969,2023,1,APD,272.97,3200.1,449.9,1.98,14.4
2969,2023,2,APD,286.38,3033.9,610.5,2.68,21.2
2969,2023,4,APD,265.08,2997.4,621.6,2.74,22.2
2969,2024,1,APD,236.28,2930.2,572.4,2.57,21.7
2969,2024,3,APD,292.38,2985.5,708.9,3.13,24.7
2969,2024,4,APD,286.52,2931.5,649.8,2.77,22.0
4962,2000,2,AXP,32.41,5970.0,740.0,0.56,17.51
4962,2001,1,AXP,25.79,5719.0,538.0,0.41,12.96
4962,2001,2,AXP,24.28,5268.0,178.0,0.13,2.9
4962,2001,3,AXP,18.22,5724.0,298.0,0.23,6.19
4962,2002,1,AXP,25.81,5759.0,618.0,0.47,14.9
4962,2002,2,AXP,22.94,5945.0,683.0,0.52,16.17
4962,2003,1,AXP,21.13,6023.0,692.0,0.53,16.53
4962,2003,2,AXP,26.65,6356.0,762.0,0.59,17.26
4962,2004,1,AXP,33.33,6910.0,794.0,0.62,12.53
4962,2004,2,AXP,33.1,7258.0,876.0,0.69,12.06
4962,2004,3,AXP,33.15,7202.0,879.0,0.7,17.41
4962,2005,1,AXP,33.32,7573.0,946.0,0.76,18.16
4962,2005,2,AXP,34.6,8002.0,1013.0,0.82,16.49
4962,2005,3,AXP,37.34,6068.0,1030.0,0.84,14.26
4962,2006,1,AXP,39.21,6332.0,873.0,0.71,13.83
4962,2006,2,AXP,39.8,6850.0,945.0,0.78,21.04
4962,2007,1,AXP,42.51,7631.0,1057.0,0.89,13.95
4962,2007,2,AXP,46.24,8199.0,1057.0,0.9,12.96
4962,2007,3,AXP,44.98,7953.0,1067.0,0.91,17.82
4962,2008,1,AXP,33.32,8105.0,991.0,0.86,12.02
4962,2008,2,AXP,28.82,8097.0,653.0,0.56,8.08
4962,2009,1,AXP,10.62,5926.0,437.0,0.31,9.18
4962,2009,2,AXP,18.48,6092.0,102.0,0.09,6.86
4962,2009,3,AXP,27.11,6016.0,640.0,0.54,15.26
4962,2010,1,AXP,33.28,6606.0,885.0,0.74,13.39
4962,2010,2,AXP,32.17,10118.0,1017.0,0.84,10.05
4962,2010,3,AXP,34.05,7033.0,1093.0,0.91,23.32
4962,2011,1,AXP,36.95,7031.0,1177.0,0.98,24.63
4962,2011,2,AXP,42.58,7618.0,1331.0,1.11,17.0
4962,2011,3,AXP,36.98,7571.0,1235.0,1.04,22.59
4962,2012,1,AXP,48.03,7614.0,1256.0,1.07,16.51
4962,2012,2,AXP,48.49,7965.0,1339.0,1.16,16.8
4962,2012,3,AXP,47.53,7862.0,1236.0,1.1,15.89
4962,2013,1,AXP,56.78,8400.0,1280.0,1.15,28.9
4962,2013,2,AXP,63.11,8245.0,1405.0,1.28,24.21
4962,2013,3,AXP,63.95,8301.0,1366.0,1.26,24.13
4962,2014,1,AXP,76.67,8199.0,1432.0,1.34,26.93
4962,2014,2,AXP,80.99,8657.0,1529.0,1.43,17.65
4962,2014,3,AXP,74.94,8329.0,1477.0,1.4,26.95
4962,2015,2,AXP,67.4,8284.0,1473.0,1.43,26.93
4962,2015,3,AXP,64.29,8193.0,1266.0,1.24,23.67
4962,2016,1,AXP,53.69,8088.0,1426.0,1.45,17.61
4962,2016,3,AXP,56.55,7774.0,1142.0,1.21,14.68
4962,2017,1,AXP,70.51,7889.0,1237.0,1.34,23.04
4962,2017,2,AXP,75.39,8307.0,1340.0,1.47,23.46
4962,2017,3,AXP,81.26,8436.0,1356.0,1.5,21.67
4962,2018,1,AXP,84.41,9718.0,1634.0,1.86,16.82
4962,2018,2,AXP,89.01,10002.0,1623.0,1.84,20.91
4962,2018,3,AXP,97.07,10144.0,1654.0,1.89,20.87
4962,2019,1,AXP,100.4,10364.0,1550.0,1.8,18.89
4962,2019,2,AXP,113.79,10838.0,1761.0,2.07,20.45
4962,2019,3,AXP,109.38,10989.0,1755.0,2.08,20.6
4962,2020,3,AXP,94.33,8751.0,1073.0,1.3,15.6
4962,2021,1,AXP,134.51,9064.0,2235.0,2.74,24.66
4962,2021,2,AXP,157.14,10243.0,2280.0,2.8,28.66
4962,2022,1,AXP,179.2,11735.0,2099.0,2.73,23.13
4962,2022,2,AXP,133.71,13395.0,1964.0,2.57,22.06
4962,2022,3,AXP,130.13,13556.0,1879.0,2.47,18.13
4962,2023,1,AXP,160.27,14281.0,1816.0,2.4,15.18
4962,2023,2,AXP,169.88,15054.0,2174.0,2.89,26.11
4962,2024,1,AXP,224.45,15801.0,2437.0,3.33,15.43
4962,2024,2,AXP,228.96,16333.0,3015.0,4.15,30.95
4962,2024,3,AXP,268.97,16636.0,2507.0,3.49,19.26
1067983,2000,2,BRK-A,53800.0,6553.0,640.0,421.0,17.0
1067983,2000,3,BRK-A,64400.0,8426.0,797.0,523.0,16.33
1067983,2001,1,BRK-A,65450.0,8135.0,606.0,0.4,11.76
1067983,2001,2,BRK-A,69400.0,10656.0,773.0,0.51,11.88
1067983,2001,3,BRK-A,70000.0,9310.0,-679.0,-445.0,-11.23
1067983,2002,1,BRK-A,71100.0,9255.0,916.0,598.0,15.01
1067983,2002,2,BRK-A,66800.0,9886.0,1045.0,681.0,15.64
1067983,2002,3,BRK-A,73900.0,10637.0,1141.0,744.0,14.65
1067983,2003,1,BRK-A,63800.0,11423.0,1730.0,1.13,22.57
1067983,2003,2,BRK-A,72500.0,14396.0,2229.0,1452.0,23.17
1067983,2004,1,BRK-A,93300.0,17184.0,1550.0,1.01,12.58
1067983,2004,2,BRK-A,88950.0,17996.0,1282.0,834.0,10.63
1067983,2005,1,BRK-A,87000.0,17634.0,1363.0,886.0,11.18
1067983,2005,2,BRK-A,83500.0,18128.0,1449.0,941.0,11.33
1067983,2005,3,BRK-A,82000.0,20533.0,586.0,381.0,4.07
1067983,2006,1,BRK-A,90350.0,22763.0,2313.0,1.5,15.87
1067983,2006,2,BRK-A,91659.0,24185.0,2347.0,1522.0,14.9
1067983,2006,3,BRK-A,95800.0,25360.0,2772.0,1797.0,16.95
1067983,2007,1,BRK-A,108990.0,32918.0,2595.0,1682.0,12.37
1067983,2007,2,BRK-A,109475.0,27347.0,3118.0,2018.0,17.6
1067983,2007,3,BRK-A,118510.0,29937.0,4553.0,2942.0,22.88
1067983,2008,1,BRK-A,133400.0,25175.0,940.0,0.61,5.77
1067983,2008,2,BRK-A,120750.0,30093.0,2880.0,1859.0,14.86
1067983,2009,1,BRK-A,86700.0,22784.0,-1534.0,-9.9,-11.16
1067983,2009,2,BRK-A,90000.0,29607.0,3295.0,2123.0,16.18
1067983,2009,3,BRK-A,101000.0,29904.0,3238.0,2.09,16.18
1067983,2010,1,BRK-A,121800.0,32037.0,3633.0,2272.0,15.91
1067983,2010,2,BRK-A,120000.0,31709.0,1968.0,1195.0,9.26
1067983,2010,3,BRK-A,124500.0,36274.0,2989.0,1.82,12.5
1067983,2011,1,BRK-A,125300.0,33720.0,1511.0,917.0,6.63
1067983,2011,2,BRK-A,116105.0,38274.0,3417.0,2072.0,13.77
1067983,2011,3,BRK-A,106800.0,33739.0,2278.0,1380.0,9.97
1067983,2012,2,BRK-A,124945.0,38546.0,3108.0,1882.0,11.97
1067983,2012,3,BRK-A,132700.0,41050.0,3920.0,2373.0,14.46
1067983,2013,1,BRK-A,156280.0,43867.0,4892.0,2977.0,16.63
1067983,2013,2,BRK-A,168600.0,44693.0,4541.0,2763.0,15.43
1067983,2013,3,BRK-A,170410.0,46541.0,5053.0,3074.0,15.86
1067983,2014,1,BRK-A,187350.0,45453.0,4705.0,2862.0,14.51
1067983,2014,2,BRK-A,189900.0,49762.0,6395.0,3889.0,17.91
1067983,2015,1,BRK-A,217500.0,48644.0,5164.0,3143.0,15.72
1067983,2016,2,BRK-A,216975.0,54460.0,5001.0,3042.0,13.53
1067983,2016,3,BRK-A,216220.0,59068.0,7198.0,4.38,17.82
1067983,2017,1,BRK-A,249850.0,65187.0,4060.0,2469.0,8.36
1067983,2017,2,BRK-A,254700.0,57518.0,4262.0,2.59,10.12
1067983,2017,3,BRK-A,274740.0,60525.0,4067.0,2473.0,8.88
1067983,2018,1,BRK-A,299100.0,58473.0,-1138.0,-692.0,10.42
1067983,2018,2,BRK-A,282040.0,62200.0,12011.0,7301.0,13.53
1067983,2018,3,BRK-A,320000.0,63450.0,18540.0,7.52,12.81
1067983,2019,1,BRK-A,301215.0,60678.0,21661.0,13209.0,45.3
1067983,2019,2,BRK-A,318350.0,63598.0,14073.0,5.74,11.93
1067983,2019,3,BRK-A,311832.0,64972.0,16524.0,6.75,13.72
1067983,2020,1,BRK-A,272000.0,61265.0,-49746.0,-20.44,11.31
1067983,2020,2,BRK-A,267300.0,56840.0,26295.0,10.88,-7.78
1067983,2020,3,BRK-A,320001.0,63024.0,30137.0,12.66,9.61
1067983,2021,1,BRK-A,385702.0,64599.0,11711.0,5.09,13.27
1067983,2021,3,BRK-A,411379.0,70583.0,10344.0,4.59,17.15
1067983,2022,1,BRK-A,528921.0,70810.0,5460.0,2.47,9.09
1067983,2022,2,BRK-A,408950.0,76180.0,-43755.0,-19.84,14.73
1067983,2022,3,BRK-A,406470.0,76934.0,-2688.0,-1.22,11.58
1067983,2023,1,BRK-A,465600.0,85393.0,35504.0,24.38,10.9
1067983,2023,2,BRK-A,517810.0,92503.0,35912.0,16.52,12.83
1067983,2023,3,BRK-A,531477.0,93210.0,-12767.0,-5.88,13.48
1067983,2024,1,BRK-A,634440.0,89869.0,12702.0,8825.0,14.84
1067983,2024,2,BRK-A,612241.0,93653.0,30498.0,14.08,40.47
1067983,2024,3,BRK-A,691180.0,92995.0,26251.0,12.18,12.66
1652044,2015,3,GOOG,30.28,18675.0,3979.0,5.8,25.2
1652044,2016,1,GOOG,37.07,20257.0,4207.0,6.12,26.35
1652044,2016,2,GOOG,34.44,21500.0,4877.0,7.11,27.77
1652044,2016,3,GOOG,38.68,22451.0,5061.0,7.36,25.7
1652044,2017,1,GOOG,41.28,24750.0,5426.0,7.85,26.56
1652044,2017,2,GOOG,45.22,26010.0,3524.0,5.09,15.89
1652044,2017,3,GOOG,47.73,27772.0,6732.0,9.71,28.02
1652044,2018,1,GOOG,51.35,31146.0,9401.0,13.53,22.49
1652044,2018,2,GOOG,55.52,32657.0,3195.0,4.6,8.6
1652044,2018,3,GOOG,59.39,33740.0,9192.0,13.21,24.63
1652044,2019,1,GOOG,58.39,36339.0,6657.0,9.58,18.18
1652044,2019,2,GOOG,53.79,38944.0,9947.0,14.33,23.57
1652044,2019,3,GOOG,60.66,40499.0,7068.0,10.2,22.67
1652044,2020,1,GOOG,57.87,41159.0,6836.0,9.96,19.38
1652044,2020,2,GOOG,70.35,38297.0,6959.0,10.21,16.65
1652044,2020,3,GOOG,73.13,46173.0,11247.0,16.55,24.29
1652044,2021,1,GOOG,102.94,55314.0,17930.0,26.63,29.7
1652044,2021,2,GOOG,124.73,61880.0,18525.0,27.69,31.29
1652044,2021,3,GOOG,132.64,65118.0,18936.0,28.44,32.3
1652044,2022,1,GOOG,138.99,68011.0,16436.0,24.9,29.52
1652044,2022,2,GOOG,108.86,69685.0,16002.0,1.22,27.9
1652044,2022,3,GOOG,95.7,69092.0,13910.0,1.07,24.79
1652044,2023,1,GOOG,103.51,69787.0,15051.0,1.18,24.95
1652044,2023,2,GOOG,120.4,74604.0,18368.0,1.45,29.27
1652044,2023,3,GOOG,131.23,76693.0,19689.0,1.56,27.83
1652044,2024,1,GOOG,151.54,80539.0,23662.0,1.91,31.62
1652044,2024,2,GOOG,182.76,84742.0,23619.0,1.91,32.35
1652044,2024,3,GOOG,166.81,88268.0,26301.0,2.14,32.29
354950,2000,2,HD,29.63,12618.0,838.0,0.36,10.77
354950,2000,3,HD,31.44,11545.0,650.0,0.28,9.13
354950,2001,2,HD,28.13,12200.0,632.0,0.27,8.43
354950,2001,3,HD,22.87,14576.0,924.0,0.4,10.27
354950,2002,1,HD,29.07,14282.0,856.0,0.36,9.54
354950,2002,2,HD,21.99,16277.0,1182.0,0.5,11.54
354950,2002,3,HD,15.65,14475.0,940.0,0.4,10.34
354950,2003,1,HD,14.68,15104.0,907.0,0.4,9.59
354950,2003,2,HD,20.0,17989.0,1299.0,0.57,11.48
354950,2003,3,HD,19.27,16598.0,1147.0,0.5,10.98
354950,2004,1,HD,22.69,17550.0,1098.0,0.49,9.95
354950,2004,2,HD,21.43,19960.0,1545.0,0.7,12.31
354950,2004,3,HD,23.92,18772.0,1317.0,0.6,10.95
354950,2005,1,HD,23.44,18973.0,1247.0,0.58,10.5
354950,2005,2,HD,23.9,22305.0,1768.0,0.83,12.75
354950,2005,3,HD,23.5,20744.0,1538.0,0.72,11.92
354950,2006,1,HD,26.21,21461.0,1484.0,0.7,11.3
354950,2006,2,HD,22.27,26026.0,1862.0,0.9,12.2
354950,2006,3,HD,22.67,23085.0,1490.0,0.73,10.7
354950,2007,1,HD,23.23,21585.0,1046.0,0.53,8.5
354950,2007,2,HD,25.03,22184.0,1587.0,0.81,11.5
354950,2007,3,HD,20.76,18961.0,1091.0,0.6,9.3
354950,2008,1,HD,18.21,17907.0,356.0,0.21,4.1
354950,2008,2,HD,15.38,20990.0,1202.0,0.72,9.72
354950,2008,3,HD,17.14,17784.0,756.0,0.45,7.4
354950,2009,1,HD,15.96,16175.0,514.0,0.3,6.1
354950,2009,2,HD,16.16,19071.0,1116.0,0.66,9.6
354950,2009,3,HD,18.37,16361.0,689.0,0.41,7.7
354950,2010,1,HD,22.66,16863.0,725.0,0.43,7.7
354950,2010,2,HD,19.8,19410.0,1192.0,0.72,10.56
354950,2010,3,HD,22.54,16598.0,834.0,0.51,8.72
354950,2011,1,HD,26.75,16823.0,812.0,0.5,8.5
354950,2011,2,HD,26.34,20232.0,1363.0,0.87,11.34
354950,2011,3,HD,24.08,17326.0,934.0,0.6,9.32
354950,2012,1,HD,37.37,17808.0,1035.0,0.68,9.63
354950,2012,3,HD,45.34,20570.0,1532.0,1.02,12.5
354950,2013,1,HD,52.94,19124.0,1226.0,0.83,10.95
354950,2013,2,HD,59.06,22522.0,1795.0,1.25,13.41
354950,2013,3,HD,58.13,19470.0,1351.0,0.96,11.77
354950,2014,1,HD,61.29,19687.0,1379.0,1.0,11.57
354950,2014,3,HD,71.84,23811.0,2050.0,1.52,14.48
354950,2015,1,HD,89.85,20891.0,1579.0,1.21,12.4
354950,2015,2,HD,88.35,24829.0,2234.0,1.74,14.69
354950,2015,3,HD,92.29,21819.0,1725.0,1.35,13.66
354950,2016,1,HD,107.68,22762.0,1803.0,1.45,13.5
354950,2016,2,HD,103.58,26472.0,2441.0,1.98,15.5
354950,2016,3,HD,104.92,23154.0,1969.0,1.6,14.33
354950,2017,1,HD,121.09,23887.0,2014.0,1.68,14.01
354950,2017,2,HD,127.24,28108.0,2672.0,2.26,15.88
354950,2017,3,HD,136.47,25026.0,2165.0,1.85,14.7
354950,2018,1,HD,150.32,24947.0,2404.0,2.08,13.55
354950,2018,2,HD,165.46,30463.0,3506.0,3.06,16.09
354950,2018,3,HD,176.58,26302.0,2867.0,2.51,14.72
354950,2019,1,HD,165.78,26381.0,2513.0,2.27,13.63
354950,2019,2,HD,180.93,30839.0,3479.0,3.17,15.87
354950,2019,3,HD,203.09,27223.0,2769.0,2.53,14.5
354950,2020,1,HD,165.57,28260.0,2245.0,2.08,11.6
354950,2020,2,HD,223.48,38053.0,4332.0,4.02,15.94
354950,2020,3,HD,249.05,33536.0,3432.0,3.18,14.48
354950,2021,1,HD,276.96,37500.0,4145.0,3.86,15.42
354950,2021,2,HD,290.86,41118.0,4807.0,4.53,16.15
354950,2021,3,HD,300.92,36820.0,4129.0,3.92,15.74
354950,2022,2,HD,255.6,38908.0,4231.0,4.11,15.23
354950,2022,3,HD,258.83,38872.0,4339.0,4.24,15.81
354950,2023,1,HD,280.51,37257.0,3873.0,3.82,14.9
354950,2023,2,HD,297.39,42916.0,4659.0,4.65,15.34
354950,2023,3,HD,291.12,37710.0,3810.0,3.81,14.34
354950,2024,1,HD,374.29,36418.0,3600.0,3.63,13.9
354950,2024,2,HD,338.22,43175.0,4561.0,4.6,15.14
354950,2024,3,HD,400.54,40217.0,3648.0,3.67,13.47
200406,2001,1,JNJ,23.1,7791.0,1500.0,1.08,27.47
200406,2001,2,JNJ,26.48,8342.0,1482.0,0.49,25.5
200406,2001,3,JNJ,29.47,8238.0,1529.0,0.5,14.9
200406,2002,1,JNJ,34.76,8743.0,1834.0,0.6,29.98
200406,2002,2,JNJ,28.06,9073.0,1654.0,0.55,26.76
200406,2002,3,JNJ,29.14,9079.0,1725.0,0.58,13.5
200406,2003,1,JNJ,31.42,9821.0,2070.0,0.7,11.8
200406,2003,2,JNJ,28.19,10332.0,1210.0,0.41,19.9
200406,2003,3,JNJ,27.13,10455.0,2072.0,0.7,28.2
200406,2004,1,JNJ,28.05,11559.0,2493.0,0.84,30.32
200406,2004,2,JNJ,30.96,11484.0,2458.0,0.83,29.9
200406,2004,3,JNJ,31.47,11553.0,2341.0,0.79,17.7
200406,2005,1,JNJ,37.86,12832.0,2927.0,0.98,31.64
200406,2005,2,JNJ,36.82,12762.0,2676.0,0.9,26.7
200406,2005,3,JNJ,36.03,12310.0,2625.0,0.88,28.9
200406,2006,1,JNJ,34.09,12992.0,3305.0,1.11,35.5
200406,2006,2,JNJ,34.71,13363.0,2820.0,0.96,27.0
200406,2006,3,JNJ,37.83,13287.0,2760.0,0.95,27.6
200406,2007,1,JNJ,35.51,15037.0,2573.0,0.89,25.0
200406,2007,2,JNJ,36.55,15131.0,3081.0,1.06,26.6
200406,2007,3,JNJ,39.23,14970.0,2548.0,0.88,21.83
200406,2008,1,JNJ,39.24,16194.0,3598.0,1.27,29.3
200406,2008,2,JNJ,39.19,16450.0,3327.0,1.18,26.6
200406,2008,3,JNJ,42.47,15921.0,3310.0,1.19,26.9
200406,2009,1,JNJ,32.78,15026.0,3507.0,1.27,30.9
200406,2009,2,JNJ,35.72,15239.0,3208.0,1.16,27.95
200406,2009,3,JNJ,38.6,15081.0,3345.0,1.21,28.14
200406,2010,1,JNJ,41.98,15631.0,4526.0,1.64,40.2
200406,2010,2,JNJ,38.37,15330.0,3449.0,1.25,27.53
200406,2010,3,JNJ,40.63,14982.0,3417.0,1.24,28.2
200406,2011,1,JNJ,39.55,16173.0,3476.0,1.27,27.87
200406,2011,2,JNJ,44.78,16597.0,2776.0,1.01,20.62
200406,2011,3,JNJ,43.26,16005.0,3202.0,1.17,25.7
200406,2012,1,JNJ,45.62,16139.0,3910.0,1.43,31.3
200406,2012,2,JNJ,47.18,16475.0,1408.0,0.51,12.35
200406,2012,3,JNJ,48.56,17052.0,2968.0,1.08,21.26
200406,2013,1,JNJ,58.42,17505.0,3497.0,1.25,27.87
200406,2013,2,JNJ,61.99,17877.0,3833.0,1.36,28.35
200406,2013,3,JNJ,63.06,17575.0,2982.0,1.06,22.04
200406,2014,1,JNJ,72.47,18115.0,4727.0,1.67,31.08
200406,2014,2,JNJ,77.72,19495.0,4326.0,1.53,30.6
200406,2014,3,JNJ,79.72,18467.0,4749.0,1.69,30.21
200406,2015,1,JNJ,76.26,17374.0,4320.0,1.55,30.76
200406,2015,2,JNJ,74.42,17787.0,4516.0,1.63,27.64
200406,2015,3,JNJ,71.83,17102.0,3358.0,1.21,27.1
200406,2016,1,JNJ,84.47,17482.0,4292.0,1.56,30.3
200406,2016,2,JNJ,95.38,18482.0,3997.0,1.46,30.1
200406,2016,3,JNJ,93.5,17820.0,4272.0,1.56,29.87
200406,2017,1,JNJ,99.92,17766.0,4422.0,1.63,30.94
200406,2017,2,JNJ,106.84,18839.0,3827.0,1.42,29.0
200406,2017,3,JNJ,105.66,19650.0,3764.0,1.4,24.4
200406,2018,1,JNJ,105.46,20009.0,4367.0,1.63,28.43
200406,2018,2,JNJ,100.6,20830.0,3954.0,1.47,26.24
200406,2018,3,JNJ,115.31,20348.0,3934.0,1.47,21.7
200406,2019,1,JNJ,118.19,20021.0,3749.0,1.41,22.1
200406,2019,2,JNJ,118.56,20562.0,5607.0,2.11,26.3
200406,2019,3,JNJ,110.96,20729.0,1753.0,0.67,28.42
200406,2020,1,JNJ,113.96,20691.0,5796.0,2.2,28.26
200406,2020,2,JNJ,123.07,18336.0,3626.0,1.38,21.76
200406,2020,3,JNJ,131.15,21082.0,3554.0,1.35,20.9
200406,2021,1,JNJ,146.7,22321.0,6197.0,2.35,33.3
200406,2021,2,JNJ,147.96,23312.0,6278.0,2.38,26.84
200406,2021,3,JNJ,145.91,23338.0,3667.0,1.39,24.73
200406,2022,1,JNJ,162.21,23426.0,5149.0,1.96,25.02
200406,2022,2,JNJ,163.51,24020.0,4814.0,1.83,25.33
200406,2022,3,JNJ,151.49,23791.0,4458.0,1.7,26.52
200406,2023,1,JNJ,145.7,24746.0,-68.0,-0.03,26.67
200406,2023,2,JNJ,156.76,25530.0,5144.0,1.98,26.48
200406,2023,3,JNJ,148.58,21351.0,26028.0,10.32,26.64
200406,2024,1,JNJ,153.27,21383.0,3255.0,1.35,27.63
200406,2024,2,JNJ,142.76,22447.0,4686.0,1.95,27.9
200406,2024,3,JNJ,159.49,22471.0,2694.0,1.12,22.6
21344,2001,1,KO,11.33,4479.0,863.0,0.35,28.6
21344,2001,2,KO,11.34,5293.0,1118.0,0.45,28.6
21344,2001,3,KO,11.93,5397.0,1074.0,0.43,24.3
21344,2002,1,KO,13.41,4079.0,-125.0,-0.05,30.7
21344,2002,2,KO,14.43,5368.0,1290.0,0.52,30.8
21344,2002,3,KO,12.41,5322.0,1161.0,0.47,29.0
21344,2003,1,KO,10.58,4498.0,835.0,0.34,23.9
21344,2003,2,KO,12.19,5691.0,1362.0,0.55,28.1
21344,2003,3,KO,11.34,5662.0,1223.0,0.5,25.6
21344,2004,1,KO,13.4,5078.0,1127.0,0.46,28.6
21344,2004,2,KO,13.52,5965.0,1584.0,0.65,30.2
21344,2004,3,KO,10.79,5662.0,935.0,0.39,19.4
21344,2005,1,KO,11.37,5266.0,1002.0,0.42,25.8
21344,2005,2,KO,11.46,6310.0,1723.0,0.72,31.3
21344,2005,3,KO,11.93,6037.0,1283.0,0.54,24.7
21344,2006,1,KO,11.73,5226.0,1106.0,0.47,26.7
21344,2006,2,KO,12.14,6476.0,1836.0,0.78,31.5
21344,2006,3,KO,12.7,6454.0,1460.0,0.62,25.74
21344,2007,1,KO,13.83,6103.0,1262.0,0.55,26.7
21344,2007,2,KO,15.17,7733.0,1851.0,0.8,29.4
21344,2007,3,KO,16.77,7690.0,1654.0,0.72,23.79
21344,2008,1,KO,17.97,7379.0,1500.0,0.65,25.4
21344,2008,2,KO,15.45,9046.0,1422.0,0.61,29.56
21344,2008,3,KO,15.83,8393.0,1890.0,0.82,26.05
21344,2009,1,KO,13.41,7169.0,1348.0,0.58,26.0
21344,2009,2,KO,14.76,8267.0,2037.0,0.88,29.5
21344,2009,3,KO,16.66,8044.0,1896.0,0.82,26.74
21344,2010,1,KO,17.32,7525.0,1614.0,0.7,29.02
21344,2010,2,KO,15.92,8674.0,2369.0,1.03,31.82
21344,2010,4,KO,21.19,8426.0,2055.0,0.89,27.82
21344,2011,1,KO,21.53,10517.0,1900.0,0.83,21.66
21344,2011,2,KO,22.0,12737.0,2797.0,1.22,24.9
21344,2011,3,KO,22.24,12248.0,2243.0,0.97,22.45
21344,2012,1,KO,24.72,11137.0,2054.0,0.91,22.5
21344,2012,2,KO,26.29,13085.0,2788.0,1.24,25.16
21344,2012,3,KO,25.68,12340.0,2311.0,0.51,22.63
21344,2013,1,KO,27.77,11035.0,1751.0,0.39,21.82
21344,2013,2,KO,27.73,12749.0,2676.0,0.6,25.44
21344,2013,3,KO,26.38,12030.0,2447.0,0.55,20.56
21344,2014,1,KO,27.33,10576.0,1619.0,0.37,22.46
21344,2014,2,KO,30.17,12574.0,2595.0,0.59,25.22
21344,2014,3,KO,30.6,11976.0,2114.0,0.48,22.63
21344,2015,1,KO,29.53,10711.0,1557.0,0.36,21.42
21344,2015,2,KO,28.81,12156.0,3108.0,0.71,20.85
21344,2015,3,KO,29.72,11427.0,1449.0,0.33,20.82
21344,2016,1,KO,34.89,10282.0,1483.0,0.34,20.82
21344,2016,2,KO,34.36,11539.0,3448.0,0.8,24.77
21344,2016,3,KO,32.34,10633.0,1046.0,0.24,21.35
21344,2017,1,KO,32.99,9118.0,1184.0,0.28,21.73
21344,2017,2,KO,35.15,9702.0,1371.0,0.32,21.41
21344,2017,3,KO,35.56,9078.0,1447.0,0.34,23.36
21344,2018,1,KO,34.9,7626.0,1400.0,0.32,23.75
21344,2018,2,KO,35.56,8927.0,2331.0,0.54,30.56
21344,2018,3,KO,37.76,8245.0,1818.0,0.44,30.63
21344,2019,1,KO,38.95,8020.0,1703.0,0.39,29.13
21344,2019,2,KO,42.66,9997.0,2607.0,0.61,29.88
21344,2019,3,KO,45.94,9507.0,2593.0,0.61,26.29
21344,2020,1,KO,37.95,8601.0,2775.0,0.65,27.67
21344,2020,2,KO,38.67,7150.0,1779.0,0.41,27.68
21344,2020,3,KO,43.07,8652.0,1737.0,0.4,26.56
21344,2021,1,KO,46.73,9020.0,2245.0,0.52,30.19
21344,2021,2,KO,48.33,10129.0,2641.0,0.61,29.78
21344,2021,3,KO,47.22,10042.0,2475.0,0.57,28.85
21344,2022,1,KO,56.66,10491.0,2793.0,0.64,32.47
21344,2022,3,KO,51.94,11325.0,1905.0,0.44,20.67
21344,2023,1,KO,58.37,10980.0,3113.0,0.72,30.65
21344,2023,2,KO,57.1,11972.0,2547.0,0.59,20.08
21344,2023,3,KO,53.5,11953.0,3087.0,0.71,27.35
21344,2024,1,KO,59.4,11300.0,3177.0,0.74,18.94
21344,2024,2,KO,62.28,12363.0,2411.0,0.56,21.3
21344,2024,3,KO,70.8,11854.0,2848.0,0.66,21.17
1141391,2006,2,MA,4.37,846.49,-310.46,-2.3,-32.37
1141391,2006,3,MA,6.41,901.97,193.0,1.42,30.44
1141391,2007,1,MA,9.7,915.1,214.91,1.58,34.29
1141391,2007,2,MA,15.18,996.96,252.29,1.86,26.97
1141391,2007,3,MA,13.54,1082.85,314.46,2.32,32.63
1141391,2008,1,MA,20.44,1182.08,446.88,3.4,43.63
1141391,2008,2,MA,24.36,1246.5,-746.65,-5.74,-98.8
1141391,2008,3,MA,16.28,1338.18,-193.58,-1.49,-20.87
1141391,2009,1,MA,15.4,1156.1,367.26,2.81,48.56
1141391,2009,2,MA,15.4,1279.89,349.07,2.67,43.53
1141391,2009,3,MA,18.62,1364.28,452.2,3.46,49.36
1141391,2010,1,MA,23.43,1308.0,455.0,3.47,53.53
1141391,2010,2,MA,18.42,1365.0,458.0,3.5,52.53
1141391,2010,3,MA,20.69,1428.0,519.0,3.96,53.66
1141391,2011,1,MA,23.28,1501.0,562.0,4.31,55.63
1141391,2011,2,MA,27.89,1667.0,608.0,4.77,53.09
1141391,2011,3,MA,29.37,1818.0,717.0,5.65,55.1
1141391,2012,1,MA,38.98,1758.0,682.0,5.38,56.85
1141391,2012,2,MA,39.89,1820.0,700.0,5.56,53.52
1141391,2012,3,MA,41.9,1918.0,772.0,6.19,55.5
1141391,2013,1,MA,50.28,1906.0,766.0,6.25,58.07
1141391,2013,2,MA,53.44,2096.0,848.0,6.98,58.62
1141391,2013,3,MA,62.65,2218.0,879.0,7.3,56.24
1141391,2014,1,MA,69.72,2177.0,870.0,0.73,58.98
1141391,2014,2,MA,68.67,2377.0,931.0,0.8,58.19
1141391,2014,3,MA,69.19,2503.0,1015.0,0.88,56.73
1141391,2015,1,MA,81.14,2230.0,1020.0,0.89,60.58
1141391,2015,2,MA,87.96,2390.0,921.0,0.81,52.34
1141391,2015,3,MA,84.94,2530.0,977.0,0.86,54.15
1141391,2016,1,MA,89.4,2446.0,959.0,0.86,55.12
1141391,2016,2,MA,83.48,2694.0,983.0,0.89,51.24
1141391,2016,3,MA,96.68,2880.0,1184.0,1.08,57.99
1141391,2017,1,MA,107.27,2734.0,1081.0,1.0,55.09
1141391,2017,2,MA,116.06,3053.0,1177.0,1.1,54.14
1141391,2017,3,MA,135.19,3398.0,1430.0,1.34,57.11
1141391,2018,1,MA,168.22,3580.0,1492.0,1.42,51.01
1141391,2018,2,MA,189.01,3665.0,1569.0,1.5,52.85
1141391,2018,3,MA,214.37,3898.0,1899.0,1.83,58.7
1141391,2019,1,MA,227.39,3889.0,1862.0,1.81,56.89
1141391,2019,2,MA,255.83,4113.0,2048.0,2.01,58.25
1141391,2019,3,MA,262.96,4467.0,2108.0,2.08,59.47
1141391,2020,1,MA,234.49,4009.0,1693.0,1.68,55.1
1141391,2020,2,MA,287.49,3335.0,1420.0,1.41,51.2
1141391,2020,3,MA,329.23,3837.0,1513.0,1.51,54.89
1141391,2021,1,MA,347.48,4155.0,1828.0,1.84,52.9
1141391,2021,2,MA,356.72,4528.0,2066.0,2.09,51.66
1141391,2021,3,MA,340.11,4985.0,2414.0,2.45,54.49
1141391,2022,1,MA,350.5,5167.0,2631.0,2.69,57.07
1141391,2022,2,MA,309.84,5497.0,2275.0,2.34,54.9
1141391,2022,3,MA,279.68,5756.0,2499.0,2.59,54.04
1141391,2023,1,MA,358.61,5748.0,2361.0,2.48,54.55
1141391,2023,2,MA,388.72,6269.0,2845.0,3.01,58.36
1141391,2023,3,MA,391.86,6533.0,3198.0,3.4,58.83
1141391,2024,1,MA,478.09,6348.0,3011.0,3.23,56.79
1141391,2024,2,MA,438.58,6961.0,3258.0,3.51,58.0
1141391,2024,3,MA,491.64,7369.0,3263.0,3.54,54.33
1103982,2001,2,MDLZ,11.43,8692.0,505.0,0.33,15.71
1103982,2001,3,MDLZ,12.67,8056.0,503.0,0.29,14.6
1103982,2002,1,MDLZ,14.35,7147.0,693.0,0.4,18.24
1103982,2002,2,MDLZ,15.26,7513.0,901.0,0.52,21.55
1103982,2002,3,MDLZ,13.64,7216.0,869.0,0.5,21.62
1103982,2003,1,MDLZ,10.64,7359.0,848.0,0.49,20.23
1103982,2003,2,MDLZ,12.34,7841.0,949.0,0.55,20.78
1103982,2003,3,MDLZ,11.25,7480.0,810.0,0.47,18.87
1103982,2004,1,MDLZ,12.35,7693.0,560.0,0.33,12.85
1103982,2004,2,MDLZ,12.29,8205.0,698.0,0.41,15.13
1103982,2004,3,MDLZ,12.39,7831.0,779.0,0.46,16.0
1103982,2005,1,MDLZ,13.06,8059.0,713.0,0.42,14.36
1103982,2005,2,MDLZ,12.65,8334.0,472.0,0.28,15.0
1103982,2005,3,MDLZ,12.26,8057.0,674.0,0.4,14.25
1103982,2006,1,MDLZ,12.34,8123.0,1006.0,0.61,12.53
1103982,2006,2,MDLZ,12.67,8619.0,682.0,0.41,13.66
1103982,2006,3,MDLZ,14.73,8243.0,748.0,0.46,16.47
1103982,2007,1,MDLZ,13.28,8586.0,702.0,0.43,13.07
1103982,2007,2,MDLZ,14.89,9205.0,707.0,0.44,12.91
1103982,2007,3,MDLZ,14.7,9054.0,596.0,0.38,10.83
1103982,2008,1,MDLZ,13.43,10372.0,608.0,0.4,11.23
1103982,2008,2,MDLZ,12.44,11176.0,732.0,0.49,13.52
1103982,2008,3,MDLZ,14.44,10462.0,1398.0,0.95,9.9
1103982,2009,1,MDLZ,10.06,9396.0,660.0,0.45,13.5
1103982,2009,2,MDLZ,11.57,10162.0,827.0,0.56,15.06
1103982,2009,3,MDLZ,12.13,9803.0,824.0,0.56,14.47
1103982,2010,1,MDLZ,14.24,11318.0,1883.0,1.16,10.65
1103982,2010,2,MDLZ,13.32,12253.0,937.0,0.54,13.89
1103982,2010,3,MDLZ,14.82,11863.0,754.0,0.43,12.79
1103982,2011,1,MDLZ,15.34,12573.0,799.0,0.45,13.09
1103982,2011,2,MDLZ,17.37,13878.0,976.0,0.55,13.01
1103982,2011,3,MDLZ,16.7,13226.0,922.0,0.52,12.83
1103982,2012,1,MDLZ,19.19,13093.0,813.0,0.46,12.91
1103982,2012,2,MDLZ,19.65,13286.0,1029.0,0.58,14.15
1103982,2012,3,MDLZ,21.2,12909.0,652.0,0.37,12.79
1103982,2013,1,MDLZ,23.87,8744.0,568.0,0.32,9.54
1103982,2013,2,MDLZ,22.34,8595.0,616.0,0.34,10.07
1103982,2013,3,MDLZ,24.71,8472.0,1024.0,0.58,14.9
1103982,2014,1,MDLZ,27.4,8641.0,163.0,0.1,9.76
1103982,2014,2,MDLZ,29.94,8436.0,622.0,0.37,11.35
1103982,2014,3,MDLZ,27.4,8337.0,899.0,0.53,10.23
1103982,2015,1,MDLZ,29.09,7762.0,324.0,0.2,10.45
1103982,2015,2,MDLZ,33.28,7661.0,406.0,0.25,10.97
1103982,2015,3,MDLZ,34.01,6849.0,7266.0,4.52,113.9
1103982,2016,1,MDLZ,32.85,6455.0,554.0,0.35,11.18
1103982,2016,2,MDLZ,37.42,6302.0,464.0,0.3,10.13
1103982,2016,3,MDLZ,36.25,6396.0,548.0,0.35,10.97
1103982,2017,1,MDLZ,35.88,6414.0,630.0,0.41,13.1
1103982,2017,2,MDLZ,36.13,5986.0,498.0,0.33,10.71
1103982,2017,3,MDLZ,34.2,6530.0,992.0,0.66,18.08
1103982,2018,1,MDLZ,35.47,6765.0,938.0,0.63,18.09
1103982,2018,2,MDLZ,35.04,6112.0,323.0,0.22,7.87
1103982,2018,3,MDLZ,36.93,6288.0,1194.0,0.81,11.72
1103982,2019,1,MDLZ,43.43,6538.0,914.0,0.63,15.84
1103982,2019,2,MDLZ,47.11,6062.0,807.0,0.56,16.91
1103982,2019,3,MDLZ,48.6,6355.0,1423.0,0.98,13.78
1103982,2020,1,MDLZ,44.49,6707.0,753.0,0.53,12.77
1103982,2020,2,MDLZ,45.68,5911.0,545.0,0.38,12.07
1103982,2020,3,MDLZ,51.62,6665.0,1119.0,0.78,17.03
1103982,2021,1,MDLZ,53.15,7238.0,961.0,0.68,17.73
1103982,2021,2,MDLZ,56.98,6642.0,1078.0,0.77,13.13
1103982,2021,3,MDLZ,53.42,7182.0,1258.0,0.9,18.01
1103982,2022,1,MDLZ,58.27,7764.0,855.0,0.62,14.09
1103982,2022,2,MDLZ,57.96,7274.0,747.0,0.54,12.74
1103982,2022,3,MDLZ,51.52,7763.0,532.0,0.39,8.75
1103982,2023,1,MDLZ,66.25,9166.0,2081.0,1.52,16.41
1103982,2023,2,MDLZ,69.68,8507.0,944.0,0.69,16.74
1103982,2023,3,MDLZ,66.7,9029.0,984.0,0.72,15.27
1103982,2024,1,MDLZ,68.09,9290.0,1412.0,1.05,29.37
1103982,2024,2,MDLZ,64.06,8343.0,601.0,0.45,10.23
1103982,2024,3,MDLZ,72.58,9204.0,853.0,0.64,12.53
1326801,2012,2,META,30.95,1184.0,-157.0,-0.08,-62.75
1326801,2012,3,META,21.56,1262.0,-59.0,-0.02,29.87
1326801,2013,1,META,25.46,1458.0,219.0,0.09,25.57
1326801,2013,2,META,24.76,1813.0,333.0,0.14,31.0
1326801,2013,3,META,49.99,2016.0,425.0,0.17,36.51
1326801,2014,1,META,59.96,2502.0,642.0,0.25,42.96
1326801,2014,2,META,66.97,2910.0,791.0,0.31,47.73
1326801,2014,3,META,78.67,3203.0,806.0,0.31,43.6
1326801,2015,1,META,81.83,3543.0,512.0,0.18,26.33
1326801,2015,2,META,85.37,4042.0,719.0,0.26,31.49
1326801,2015,3,META,89.48,4501.0,896.0,0.32,32.43
1326801,2016,1,META,113.56,5382.0,1510.0,0.53,37.3
1326801,2016,2,META,113.74,6436.0,2055.0,0.72,42.66
1326801,2016,3,META,127.67,7011.0,2379.0,0.82,44.53
1326801,2017,1,META,141.38,8032.0,3064.0,1.04,41.42
1326801,2017,2,META,150.27,9321.0,3894.0,1.34,47.21
1326801,2017,3,META,170.07,10328.0,4707.0,1.59,49.57
1326801,2018,1,META,159.04,11966.0,4988.0,1.72,45.53
1326801,2018,2,META,193.41,13231.0,5106.0,1.76,44.28
1326801,2018,3,META,163.69,13727.0,5137.0,1.78,42.11
1326801,2019,1,META,165.91,15077.0,2429.0,0.85,22.0
1326801,2019,2,META,192.09,16886.0,2616.0,0.92,27.39
1326801,2019,3,META,177.24,17652.0,6091.0,2.12,41.0
1326801,2020,1,META,166.02,17737.0,4902.0,1.72,33.22
1326801,2020,2,META,226.0,18687.0,5178.0,1.82,31.9
1326801,2020,3,META,260.67,21470.0,7846.0,2.75,37.44
1326801,2021,1,META,293.15,26171.0,9497.0,3.3,43.0
1326801,2021,2,META,346.08,29077.0,10394.0,3.67,42.52
1326801,2021,3,META,337.8,29010.0,9194.0,3.27,35.92
1326801,2022,1,META,221.32,27908.0,7465.0,2.74,30.54
1326801,2022,2,META,160.49,28822.0,6687.0,2.47,28.99
1326801,2022,3,META,135.04,27714.0,4395.0,1.64,20.43
1326801,2023,1,META,210.95,28645.0,5709.0,2.21,25.21
1326801,2023,2,META,285.63,31999.0,7788.0,3.03,29.35
1326801,2023,3,META,298.8,34146.0,11583.0,4.5,40.24
1326801,2024,1,META,483.81,36455.0,12369.0,4.86,37.9
1326801,2024,2,META,502.89,39071.0,13465.0,5.31,38.0
1326801,2024,3,META,571.47,40589.0,15688.0,6.2,42.76
66740,2001,1,MMM,22.26,4170.0,453.0,1.14,17.67
66740,2001,2,MMM,24.57,4079.0,202.0,0.51,8.19
66740,2001,3,MMM,21.31,3967.0,394.0,1.0,15.63
66740,2002,1,MMM,25.17,3890.0,452.0,1.16,18.32
66740,2002,2,MMM,27.05,4161.0,466.0,1.19,16.48
66740,2002,3,MMM,24.3,4143.0,545.0,1.4,20.54
66740,2003,1,MMM,29.02,4318.0,502.0,1.29,18.08
66740,2003,2,MMM,28.94,4580.0,619.0,1.58,20.92
66740,2003,3,MMM,31.14,4616.0,663.0,0.85,22.33
66740,2004,1,MMM,37.24,4939.0,722.0,0.92,22.6
66740,2004,2,MMM,41.12,5012.0,773.0,0.99,23.7
66740,2004,3,MMM,36.7,4969.0,775.0,0.99,23.8
66740,2005,1,MMM,39.7,5166.0,809.0,1.05,23.7
66740,2005,2,MMM,33.68,5294.0,776.0,1.01,24.2
66740,2005,3,MMM,34.37,5382.0,853.0,1.12,24.0
66740,2006,1,MMM,35.88,5595.0,899.0,1.19,24.5
66740,2006,2,MMM,38.49,5688.0,882.0,1.17,20.66
66740,2006,3,MMM,35.69,5858.0,894.0,1.2,22.91
66740,2007,1,MMM,37.1,5937.0,1368.0,1.88,35.4
66740,2007,2,MMM,42.36,6142.0,917.0,1.28,22.73
66740,2007,3,MMM,45.93,6177.0,960.0,1.34,23.07
66740,2008,1,MMM,39.32,6463.0,988.0,1.4,23.22
66740,2008,2,MMM,34.8,6739.0,945.0,1.35,21.5
66740,2008,3,MMM,34.4,6558.0,991.0,1.43,23.07
66740,2009,1,MMM,25.51,5089.0,518.0,0.75,15.78
66740,2009,2,MMM,31.11,5719.0,783.0,1.12,20.84
66740,2009,3,MMM,38.48,6193.0,957.0,1.36,23.86
66740,2010,1,MMM,44.15,6348.0,930.0,1.31,22.76
66740,2010,2,MMM,41.99,6731.0,1121.0,1.57,23.71
66740,2010,3,MMM,46.38,6874.0,1106.0,1.55,22.93
66740,2011,1,MMM,50.63,7311.0,1081.0,1.52,21.58
66740,2011,2,MMM,51.66,7680.0,1160.0,1.63,21.55
66740,2011,3,MMM,39.37,7531.0,1088.0,1.54,21.0
66740,2012,1,MMM,49.6,7486.0,1125.0,1.61,21.83
66740,2012,2,MMM,50.16,7534.0,1167.0,1.68,22.94
66740,2012,3,MMM,52.07,7497.0,1161.0,1.68,22.38
66740,2013,1,MMM,60.66,7634.0,1129.0,1.63,21.56
66740,2013,2,MMM,62.75,7752.0,1197.0,1.74,21.94
66740,2013,3,MMM,68.91,7916.0,1230.0,1.81,21.95
66740,2014,1,MMM,79.18,7831.0,1207.0,1.83,21.91
66740,2014,2,MMM,84.12,8134.0,1267.0,1.94,22.83
66740,2014,3,MMM,83.7,8137.0,1303.0,2.02,23.37
66740,2015,1,MMM,98.58,7578.0,1199.0,1.88,22.82
66740,2015,2,MMM,92.8,7686.0,1300.0,2.06,23.93
66740,2015,3,MMM,85.86,7712.0,1296.0,2.09,24.33
66740,2016,1,MMM,102.31,7409.0,1275.0,2.1,24.12
66740,2016,2,MMM,108.24,7662.0,1291.0,2.13,24.34
66740,2016,3,MMM,109.6,7709.0,1329.0,2.2,24.72
66740,2017,1,MMM,120.54,7685.0,1323.0,2.21,23.09
66740,2017,2,MMM,131.94,7810.0,1583.0,2.65,27.97
66740,2017,3,MMM,133.79,8172.0,1429.0,2.39,24.98
66740,2018,1,MMM,141.46,8278.0,602.0,1.01,12.16
66740,2018,2,MMM,127.63,8390.0,1857.0,3.14,28.63
66740,2018,3,MMM,137.62,8152.0,1543.0,2.64,24.72
66740,2019,1,MMM,137.58,7863.0,891.0,1.54,14.45
66740,2019,2,MMM,115.76,8171.0,1127.0,1.95,20.82
66740,2019,3,MMM,110.79,7991.0,1583.0,2.75,25.14
66740,2020,1,MMM,93.63,8075.0,1292.0,2.24,20.6
66740,2020,2,MMM,108.06,7176.0,1290.0,2.24,24.23
66740,2020,3,MMM,111.97,8350.0,1413.0,2.45,22.86
66740,2021,1,MMM,136.97,8851.0,1624.0,2.8,22.52
66740,2021,2,MMM,142.24,8950.0,1524.0,2.62,22.02
66740,2021,3,MMM,126.58,8942.0,1434.0,2.47,19.99
66740,2022,1,MMM,109.35,8829.0,1299.0,2.27,18.58
66740,2022,2,MMM,96.01,8702.0,78.0,0.14,1.26
66740,2022,3,MMM,82.82,8619.0,3859.0,6.79,48.22
66740,2023,1,MMM,80.76,8031.0,976.0,1.77,15.44
66740,2023,2,MMM,78.07,8325.0,-6841.0,-12.35,-107.6
66740,2023,3,MMM,74.12,8312.0,-2075.0,-3.74,-31.94
66740,2024,1,MMM,86.71,8003.0,928.0,1.67,18.74
66740,2024,2,MMM,100.61,6255.0,1145.0,2.07,20.33
66740,2024,3,MMM,135.31,6294.0,1372.0,2.49,20.91
789019,2001,1,MSFT,16.79,6456.0,2451.0,0.46,46.4
789019,2001,3,MSFT,15.71,6126.0,1283.0,0.24,47.29
789019,2001,4,MSFT,20.34,7741.0,2283.0,0.42,36.68
789019,2002,1,MSFT,18.52,7245.0,2738.0,0.51,45.49
789019,2002,3,MSFT,13.43,7746.0,2726.0,0.51,52.31
789019,2002,4,MSFT,15.88,8541.0,2552.0,0.48,38.15
789019,2003,1,MSFT,14.92,7835.0,2794.0,0.26,47.43
789019,2003,3,MSFT,17.13,8215.0,2614.0,0.24,38.35
789019,2003,4,MSFT,16.96,10153.0,1549.0,0.14,14.53
789019,2004,1,MSFT,15.45,9175.0,1315.0,0.12,13.92
789019,2004,3,MSFT,17.18,9189.0,2528.0,0.23,38.0
789019,2004,4,MSFT,18.51,10818.0,3463.0,0.32,43.9
789019,2005,1,MSFT,16.79,9620.0,2563.0,0.24,34.6
789019,2005,3,MSFT,17.98,9741.0,3141.0,0.29,41.52
789019,2005,4,MSFT,18.33,11837.0,3653.0,0.35,39.31
789019,2006,1,MSFT,19.14,10900.0,2977.0,0.29,35.69
789019,2006,3,MSFT,19.38,10811.0,3478.0,0.35,41.38
789019,2006,4,MSFT,21.24,12542.0,2626.0,0.27,27.68
789019,2007,3,MSFT,21.17,14398.0,4926.0,0.51,45.78
789019,2007,4,MSFT,25.66,16367.0,4707.0,0.5,39.6
789019,2008,3,MSFT,19.46,14454.0,4388.0,0.47,30.5
789019,2008,4,MSFT,14.27,16629.0,4174.0,0.47,35.71
789019,2009,1,MSFT,13.58,13648.0,2977.0,0.33,32.5
789019,2009,3,MSFT,19.24,12920.0,3574.0,0.4,34.66
789019,2009,4,MSFT,22.9,19022.0,6662.0,0.75,44.76
789019,2010,1,MSFT,22.11,14503.0,4006.0,0.46,35.67
789019,2010,3,MSFT,18.67,16195.0,5410.0,0.63,43.92
789019,2010,4,MSFT,21.41,19953.0,6634.0,0.78,40.95
789019,2011,1,MSFT,19.59,16428.0,5232.0,0.62,34.76
789019,2011,3,MSFT,19.45,17372.0,5738.0,0.68,41.46
789019,2011,4,MSFT,20.44,20885.0,6624.0,0.79,38.27
789019,2012,1,MSFT,25.57,17407.0,5108.0,0.61,36.63
789019,2012,3,MSFT,23.9,16008.0,4466.0,0.53,33.18
789019,2012,4,MSFT,21.63,21456.0,6377.0,0.76,36.2
789019,2013,1,MSFT,23.36,20489.0,6055.0,0.72,37.16
789019,2013,3,MSFT,27.55,18529.0,5244.0,0.63,34.17
789019,2013,4,MSFT,31.2,24519.0,6558.0,0.79,32.5
789019,2014,1,MSFT,34.45,20403.0,5660.0,0.68,34.16
789019,2014,3,MSFT,39.48,23201.0,4540.0,0.55,25.19
789019,2014,4,MSFT,39.81,26470.0,5863.0,0.71,29.37
789019,2015,1,MSFT,35.09,21729.0,4985.0,0.61,30.33
789019,2015,3,MSFT,38.7,20379.0,4620.0,0.58,28.44
789019,2015,4,MSFT,48.84,23796.0,4998.0,0.63,25.33
789019,2016,1,MSFT,48.97,20531.0,3756.0,0.48,25.74
789019,2016,3,MSFT,51.75,20453.0,4690.0,0.6,25.53
789019,2016,4,MSFT,56.2,24090.0,5200.0,0.67,25.63
789019,2017,1,MSFT,59.93,22090.0,4801.0,0.62,25.33
789019,2017,3,MSFT,68.53,24538.0,6576.0,0.85,31.42
789019,2018,1,MSFT,84.79,28918.0,-6302.0,-0.82,30.02
789019,2018,3,MSFT,107.12,29084.0,8824.0,1.15,34.23
789019,2019,1,MSFT,111.42,30571.0,8809.0,1.15,33.83
789019,2019,2,MSFT,127.02,32471.0,8420.0,1.09,31.6
789019,2019,3,MSFT,132.26,33055.0,10678.0,1.4,38.39
789019,2019,4,MSFT,150.54,36906.0,11649.0,1.53,37.65
789019,2020,1,MSFT,150.96,35021.0,10752.0,1.41,37.03
789019,2020,3,MSFT,202.37,37154.0,13893.0,1.84,42.73
789019,2020,4,MSFT,214.56,43076.0,15463.0,2.05,41.56
789019,2021,1,MSFT,227.97,41706.0,15457.0,2.05,40.89
789019,2021,4,MSFT,327.16,51728.0,18765.0,2.5,43.0
789019,2022,1,MSFT,300.53,49360.0,16728.0,2.23,41.25
789019,2022,3,MSFT,228.04,50122.0,17556.0,2.35,42.93
789019,2022,4,MSFT,235.48,52747.0,16425.0,2.2,38.69
789019,2023,1,MSFT,283.79,52857.0,18299.0,2.46,42.29
789019,2023,3,MSFT,312.15,56517.0,22291.0,3.0,47.57
789019,2023,4,MSFT,372.5,62020.0,21870.0,2.94,43.57
789019,2024,1,MSFT,417.53,61858.0,21939.0,2.95,44.57
789019,2024,3,MSFT,428.58,65585.0,24667.0,3.32,46.6
789019,2024,4,MSFT,420.66,69632.0,24108.0,3.24,45.47
1045810,2001,1,NVDA,0.25,240.93,25.87,0.37,13.05
1045810,2001,3,NVDA,0.21,260.26,33.58,0.47,17.41
1045810,2002,1,NVDA,0.34,582.91,83.25,0.55,20.11
1045810,2002,3,NVDA,0.07,427.29,5.25,0.03,1.44
1045810,2003,2,NVDA,0.18,404.98,19.75,0.12,6.51
1045810,2003,3,NVDA,0.12,486.07,6.36,0.04,3.16
1045810,2004,1,NVDA,0.2,471.91,21.35,0.13,5.06
1045810,2004,2,NVDA,0.16,456.06,5.12,0.03,0.83
1045810,2004,3,NVDA,0.11,515.59,25.88,0.16,5.58
1045810,2005,2,NVDA,0.2,574.81,74.84,0.44,13.92
1045810,2005,3,NVDA,0.26,583.42,65.25,0.38,12.26
1045810,2006,1,NVDA,0.44,583.85,64.44,0.38,13.05
1045810,2006,2,NVDA,0.33,681.81,90.68,0.26,14.77
1045810,2006,3,NVDA,0.45,687.52,86.75,0.25,13.94
1045810,2007,1,NVDA,0.44,844.28,132.26,0.37,16.73
1045810,2007,3,NVDA,0.83,935.25,172.73,0.47,19.76
1045810,2007,4,NVDA,0.78,1115.6,235.66,0.42,22.22
1045810,2008,1,NVDA,0.45,1153.39,176.81,0.32,17.6
1045810,2008,3,NVDA,0.25,892.68,-120.93,-0.22,-17.41
1045810,2009,1,NVDA,0.23,664.23,-201.34,-0.37,-34.76
1045810,2009,2,NVDA,0.26,776.52,-105.3,-0.19,-14.18
1045810,2009,3,NVDA,0.34,903.21,107.58,0.2,11.93
1045810,2010,1,NVDA,0.4,1001.81,137.59,0.24,14.72
1045810,2010,3,NVDA,0.27,811.21,-140.96,-0.25,-21.58
1045810,2011,1,NVDA,0.42,962.04,135.22,0.23,16.1
1045810,2011,2,NVDA,0.37,1016.52,151.57,0.25,17.11
1045810,2011,3,NVDA,0.29,1066.18,178.27,0.29,18.48
1045810,2012,1,NVDA,0.35,924.88,60.44,0.1,7.88
1045810,2012,2,NVDA,0.32,1044.27,119.05,0.19,13.37
1045810,2012,3,NVDA,0.31,1204.11,209.08,0.34,20.92
1045810,2013,1,NVDA,0.3,954.74,77.89,0.13,8.67
1045810,2013,3,NVDA,0.36,977.24,96.45,0.16,10.8
1045810,2014,1,NVDA,0.42,1102.79,136.52,0.24,13.73
1045810,2015,1,NVDA,0.5,1151.0,134.0,0.24,15.28
1045810,2015,2,NVDA,0.49,1102.82,127.98,0.23,14.8
1045810,2015,3,NVDA,0.6,1225.38,172.97,0.32,17.41
1045810,2016,1,NVDA,0.87,1305.0,196.0,0.33,18.78
1045810,2016,3,NVDA,1.69,1428.0,253.0,0.4,22.2
1045810,2017,1,NVDA,2.69,1937.0,507.0,0.79,28.6
1045810,2017,3,NVDA,4.42,2636.0,838.0,1.39,33.94
1045810,2018,1,NVDA,5.73,3207.0,1244.0,1.98,40.4
1045810,2018,2,NVDA,5.87,2230.0,583.0,0.98,30.85
1045810,2018,3,NVDA,6.96,3181.0,1230.0,1.97,33.26
1045810,2019,1,NVDA,4.46,2220.0,394.0,0.65,16.13
1045810,2019,3,NVDA,4.33,2579.0,552.0,0.9,22.13
1045810,2020,1,NVDA,6.57,3080.0,917.0,1.47,31.69
1045810,2020,2,NVDA,9.47,3866.0,622.0,1.01,16.85
1045810,2020,3,NVDA,13.49,4726.0,1336.0,2.16,29.57
1045810,2021,3,NVDA,20.68,6507.0,2374.0,0.95,37.55
1045810,2022,1,NVDA,27.24,5661.0,1912.0,3.08,34.55
1045810,2022,2,NVDA,15.14,8288.0,1618.0,0.64,22.54
1045810,2022,3,NVDA,12.13,6704.0,656.0,0.26,7.45
1045810,2023,1,NVDA,27.76,7192.0,2043.0,0.83,29.74
1045810,2023,2,NVDA,42.28,13507.0,6188.0,2.5,50.31
1045810,2023,3,NVDA,43.48,18120.0,9243.0,3.75,57.46
1045810,2024,1,NVDA,90.33,26044.0,14881.0,5.98,64.92
1045810,2024,3,NVDA,121.42,30040.0,16599.0,0.68,62.04
77476,2001,1,PEP,23.73,4539.0,498.0,0.34,16.3
77476,2001,2,PEP,23.94,5281.0,652.0,0.45,17.2
77476,2001,3,PEP,26.35,6906.0,627.0,0.35,14.1
77476,2002,1,PEP,28.15,5101.0,651.0,0.37,18.6
77476,2002,2,PEP,26.42,6178.0,888.0,0.5,20.13
77476,2002,3,PEP,20.33,6376.0,969.0,0.55,20.7
77476,2003,1,PEP,22.18,5530.0,777.0,0.45,20.5
77476,2003,2,PEP,24.76,12068.0,1786.0,1.04,20.9
77476,2003,3,PEP,25.59,18898.0,2863.0,1.66,21.0
77476,2004,1,PEP,30.26,6131.0,804.0,0.46,18.4
77476,2004,2,PEP,30.41,13201.0,1863.0,1.07,19.3
77476,2004,3,PEP,27.58,20458.0,3227.0,1.9,19.86
77476,2005,1,PEP,30.33,6585.0,912.0,0.53,18.9
77476,2005,2,PEP,30.99,14282.0,2106.0,1.25,19.6
77476,2005,3,PEP,32.74,8184.0,864.0,0.52,20.53
77476,2006,1,PEP,33.66,7205.0,1019.0,0.61,18.7
77476,2006,2,PEP,35.14,15804.0,2377.0,1.43,19.7
77476,2006,3,PEP,38.37,8950.0,1481.0,0.88,20.3
77476,2007,1,PEP,37.73,7350.0,1096.0,0.65,19.3
77476,2007,2,PEP,38.71,16957.0,2653.0,1.62,19.9
77476,2007,3,PEP,43.97,10171.0,1743.0,1.08,20.3
77476,2008,1,PEP,43.78,8333.0,1148.0,0.7,18.64
77476,2008,2,PEP,38.81,19278.0,2847.0,1.76,19.4
77476,2008,3,PEP,43.76,11244.0,1576.0,1.01,17.65
77476,2009,1,PEP,32.14,8263.0,1135.0,0.73,19.2
77476,2009,2,PEP,34.59,18855.0,2795.0,1.78,20.0
77476,2009,3,PEP,37.22,29935.0,4512.0,2.87,20.1
77476,2010,1,PEP,42.58,9368.0,1430.0,0.9,8.96
77476,2010,2,PEP,39.53,24169.0,3033.0,1.9,13.65
77476,2010,3,PEP,43.41,39683.0,4955.0,3.11,15.38
77476,2011,1,PEP,42.73,11937.0,1143.0,0.72,14.5
77476,2011,2,PEP,47.06,28764.0,3049.0,1.91,15.57
77476,2011,3,PEP,41.69,46346.0,5028.0,3.14,15.94
77476,2012,1,PEP,45.42,12428.0,1127.0,0.71,13.9
77476,2012,3,PEP,49.19,45538.0,4517.0,2.86,15.1
77476,2012,4,PEP,47.94,16458.0,1488.0,0.95,14.43
77476,2013,1,PEP,55.81,12581.0,1075.0,0.69,13.17
77476,2013,2,PEP,58.11,29388.0,3085.0,1.97,15.4
77476,2013,3,PEP,56.88,46297.0,4998.0,3.2,15.1
77476,2014,1,PEP,60.58,12623.0,1216.0,0.79,14.3
77476,2014,2,PEP,65.3,29517.0,3194.0,2.08,15.93
77476,2014,3,PEP,68.53,46735.0,5202.0,3.4,16.15
77476,2015,1,PEP,71.33,12217.0,1221.0,0.81,14.7
77476,2015,2,PEP,70.14,28140.0,3201.0,2.14,16.7
77476,2015,3,PEP,71.41,16331.0,533.0,0.36,8.67
77476,2016,1,PEP,78.71,11862.0,931.0,0.64,13.7
77476,2016,2,PEP,81.98,27257.0,2936.0,2.01,16.81
77476,2016,3,PEP,84.76,43284.0,4928.0,3.39,17.11
77476,2017,1,PEP,88.42,12049.0,1318.0,0.91,16.0
77476,2017,2,PEP,91.91,27759.0,3423.0,2.38,17.7
77476,2017,3,PEP,89.3,16240.0,2144.0,1.5,18.4
77476,2018,1,PEP,88.73,12562.0,1343.0,0.94,14.4
77476,2018,2,PEP,89.32,28652.0,3163.0,2.23,16.88
77476,2018,3,PEP,92.48,45137.0,5661.0,3.97,17.01
77476,2019,1,PEP,103.01,12884.0,1413.0,1.0,15.6
77476,2019,2,PEP,111.03,29333.0,3448.0,2.46,16.16
77476,2019,3,PEP,116.88,17188.0,2100.0,1.5,16.61
77476,2020,1,PEP,103.8,13881.0,1338.0,0.96,13.9
77476,2020,2,PEP,115.2,29826.0,2984.0,2.15,14.23
77476,2020,3,PEP,121.59,47917.0,5275.0,3.79,15.14
77476,2021,1,PEP,125.97,14820.0,1714.0,1.24,15.6
77476,2021,2,PEP,132.92,34037.0,4072.0,2.94,15.98
77476,2021,3,PEP,135.86,20189.0,2224.0,1.61,15.64
77476,2022,1,PEP,153.21,16200.0,4261.0,3.08,32.5
77476,2022,2,PEP,153.61,36425.0,5690.0,4.09,20.16
77476,2022,3,PEP,151.49,21971.0,2702.0,1.96,15.26
77476,2023,1,PEP,171.36,17846.0,1932.0,1.4,14.7
77476,2023,2,PEP,175.32,40168.0,4680.0,3.4,15.65
77476,2023,3,PEP,161.51,23453.0,3092.0,2.25,17.12
77476,2024,1,PEP,169.38,18250.0,2042.0,1.48,14.9
77476,2024,2,PEP,160.88,40751.0,5125.0,3.71,16.6
77476,2024,3,PEP,167.14,23319.0,2930.0,2.13,16.6
80424,2001,1,PG,16.38,9511.0,893.0,0.63,13.7
80424,2001,3,PG,19.26,9766.0,1104.0,0.83,18.0
80424,2001,4,PG,21.05,10403.0,1299.0,0.98,17.92
80424,2002,1,PG,24.08,9900.0,1039.0,0.74,16.7
80424,2002,3,PG,24.3,10796.0,1464.0,1.1,20.2
80424,2002,4,PG,23.47,11005.0,1494.0,1.13,20.4
80424,2003,1,PG,24.44,10656.0,1273.0,0.91,18.4
80424,2003,3,PG,25.72,12195.0,1761.0,1.33,21.7
80424,2003,4,PG,27.81,13221.0,1818.0,1.38,20.7
80424,2004,1,PG,29.34,13029.0,1528.0,1.09,17.7
80424,2004,3,PG,30.57,13744.0,2001.0,0.73,20.9
80424,2005,1,PG,30.21,14287.0,1720.0,0.67,18.8
80424,2005,2,PG,30.22,14452.0,2039.0,0.79,21.2
80424,2005,3,PG,34.24,14793.0,2029.0,0.77,20.7
80424,2005,4,PG,33.5,18337.0,2546.0,0.76,21.2
80424,2006,1,PG,33.52,17250.0,2211.0,0.63,19.4
80424,2006,3,PG,36.45,18785.0,2698.0,0.79,21.6
80424,2006,4,PG,37.98,19725.0,2862.0,0.84,22.1
80424,2007,1,PG,37.51,18694.0,2512.0,0.74,19.5
80424,2007,3,PG,42.24,20199.0,3079.0,0.92,21.9
80424,2007,4,PG,44.31,21575.0,3270.0,0.98,21.9
80424,2008,1,PG,42.5,20463.0,2710.0,0.82,20.1
80424,2008,3,PG,42.78,22026.0,3348.0,1.03,21.3
80424,2008,4,PG,38.19,20368.0,5004.0,1.58,20.9
80424,2009,1,PG,29.29,18417.0,2613.0,0.84,20.3
80424,2009,3,PG,36.63,19807.0,3307.0,1.06,22.5
80424,2009,4,PG,38.64,21027.0,4659.0,1.49,22.1
80424,2010,1,PG,40.61,19178.0,2585.0,0.83,20.7
80424,2010,3,PG,39.09,20122.0,3081.0,1.02,22.4
80424,2010,4,PG,42.26,21347.0,3333.0,1.11,20.0
80424,2011,1,PG,40.76,20230.0,2873.0,0.96,18.6
80424,2011,3,PG,42.5,21917.0,3024.0,1.03,19.8
80424,2011,4,PG,45.24,22135.0,1690.0,0.57,12.4
80424,2012,1,PG,45.94,20194.0,2411.0,0.85,16.3
80424,2012,3,PG,48.23,20739.0,2814.0,1.0,19.1
80424,2012,4,PG,47.59,22175.0,4057.0,1.46,20.3
80424,2013,1,PG,54.46,20598.0,2566.0,0.92,16.52
80424,2013,3,PG,54.22,21205.0,3027.0,1.09,19.6
80424,2013,4,PG,58.85,22280.0,3428.0,1.24,20.4
80424,2014,1,PG,58.7,20559.0,2609.0,0.94,16.8
80424,2014,3,PG,61.97,20792.0,2020.0,0.71,14.1
80424,2015,1,PG,61.54,18142.0,2153.0,0.77,17.3
80424,2015,2,PG,59.23,20161.0,2372.0,0.85,19.6
80424,2015,3,PG,54.91,16527.0,2601.0,0.91,22.8
80424,2015,4,PG,61.15,16915.0,3206.0,1.16,22.8
80424,2016,1,PG,63.94,15755.0,2750.0,1.0,21.1
80424,2016,3,PG,70.84,16518.0,2714.0,0.99,22.83
80424,2016,4,PG,66.88,16856.0,7875.0,2.88,23.0
80424,2017,3,PG,74.08,15605.0,2522.0,0.96,21.54
80424,2017,4,PG,75.37,17395.0,2495.0,0.96,23.0
80424,2018,1,PG,65.53,16281.0,2511.0,0.95,20.24
80424,2018,3,PG,70.06,16690.0,3211.0,1.26,21.3
80424,2018,4,PG,78.06,17438.0,3216.0,1.25,22.33
80424,2019,3,PG,107.91,16462.0,2745.0,1.07,19.63
80424,2019,4,PG,109.05,18240.0,3743.0,1.41,24.6
80424,2020,1,PG,96.61,17214.0,2917.0,1.15,20.07
80424,2020,3,PG,123.66,19318.0,4308.0,1.63,27.3
80424,2020,4,PG,124.48,19745.0,3887.0,1.47,27.2
80424,2021,1,PG,121.89,18109.0,3249.0,1.26,20.9
80424,2021,3,PG,127.43,20338.0,4126.0,1.61,24.7
80424,2021,4,PG,150.03,20953.0,4242.0,1.66,24.7
80424,2022,1,PG,140.9,19381.0,3355.0,1.37,20.76
80424,2022,3,PG,117.83,20612.0,3963.0,1.57,24.0
80424,2022,4,PG,142.46,20773.0,3959.0,1.63,23.04
80424,2023,1,PG,140.63,20068.0,3424.0,1.37,21.17
80424,2023,3,PG,139.7,21871.0,4556.0,1.83,26.4
80424,2023,4,PG,141.23,21441.0,3493.0,1.44,20.66
80424,2024,1,PG,157.36,20195.0,3781.0,1.52,22.1
80424,2024,3,PG,170.08,21737.0,3987.0,1.61,26.7
80424,2024,4,PG,165.6,21882.0,4659.0,1.88,26.2
1318605,2010,2,TSLA,1.59,28.41,-38.52,-5.04,-110.42
1318605,2010,3,TSLA,1.36,31.24,-34.94,-0.38,-121.08
1318605,2011,1,TSLA,1.85,49.03,-48.94,-0.51,-96.63
1318605,2011,2,TSLA,1.94,58.17,-58.9,-0.6,-101.0
1318605,2011,3,TSLA,1.63,57.67,-65.08,-0.63,-111.85
1318605,2012,1,TSLA,2.48,30.17,-89.87,-0.86,-294.3
1318605,2012,2,TSLA,2.09,26.65,-105.6,-1.0,-398.38
1318605,2012,3,TSLA,1.95,50.1,-110.8,-1.05,-216.59
1318605,2013,1,TSLA,2.53,561.79,11.25,0.1,-0.99
1318605,2013,2,TSLA,7.16,405.14,-30.5,-0.26,-2.91
1318605,2013,3,TSLA,12.89,431.35,-38.5,-0.32,-7.09
1318605,2014,1,TSLA,13.9,620.54,-49.8,-0.4,-7.09
1318605,2014,2,TSLA,16.0,769.35,-61.9,-0.5,-3.74
1318605,2014,3,TSLA,16.18,851.8,-74.71,-0.6,-4.59
1318605,2015,1,TSLA,12.58,939.88,-154.18,-1.22,-10.91
1318605,2015,2,TSLA,17.88,955.0,-184.23,-1.45,-17.81
1318605,2015,3,TSLA,16.56,936.79,-229.86,-1.78,-19.62
1318605,2016,1,TSLA,15.32,1147.05,-282.27,-2.13,-21.63
1318605,2016,2,TSLA,14.15,1270.02,-293.19,-2.09,-18.73
1318605,2016,3,TSLA,13.6,2298.44,21.88,0.15,3.72
1318605,2017,1,TSLA,18.55,2696.27,-330.28,-2.04,-9.55
1318605,2017,2,TSLA,24.11,2789.56,-336.4,-2.04,-8.64
1318605,2017,3,TSLA,22.74,2984.68,-619.38,-3.7,-17.94
1318605,2018,1,TSLA,17.74,3408.75,-709.55,-4.19,-17.51
1318605,2018,2,TSLA,22.86,4002.23,-717.54,-4.22,-15.53
1318605,2018,3,TSLA,17.65,6824.41,311.52,1.82,6.11
1318605,2019,1,TSLA,18.66,4541.46,-702.14,-4.1,-11.49
1318605,2019,2,TSLA,14.9,6349.68,-408.33,-2.31,-2.64
1318605,2019,3,TSLA,16.06,6303.0,143.0,0.8,4.14
1318605,2020,1,TSLA,34.93,5985.0,16.0,0.09,4.73
1318605,2020,2,TSLA,71.99,6036.0,104.0,0.56,5.42
1318605,2020,3,TSLA,143.0,8771.0,369.0,0.32,9.23
1318605,2021,1,TSLA,222.64,10389.0,438.0,0.46,5.72
1318605,2021,2,TSLA,226.57,11958.0,1142.0,1.18,10.97
1318605,2021,3,TSLA,258.49,13757.0,1659.0,1.62,14.57
1318605,2022,1,TSLA,359.2,18756.0,3318.0,3.2,19.21
1318605,2022,2,TSLA,224.47,16934.0,2269.0,2.18,14.55
1318605,2022,3,TSLA,265.25,21454.0,3331.0,1.05,17.19
1318605,2023,1,TSLA,207.46,23329.0,2513.0,0.8,11.43
1318605,2023,2,TSLA,261.77,24927.0,2703.0,0.78,9.62
1318605,2023,3,TSLA,250.22,23350.0,1853.0,0.58,7.55
1318605,2024,1,TSLA,175.79,21301.0,1129.0,0.37,5.5
1318605,2024,2,TSLA,197.88,25500.0,1478.0,0.46,6.29
1318605,2024,3,TSLA,261.63,25182.0,2167.0,0.68,10.79
731766,1999,3,UNH,4.81,4903.0,144.0,0.83,4.9
731766,2000,1,UNH,5.9,5099.0,174.0,1.06,5.35
731766,2000,2,UNH,8.48,5220.0,170.0,1.04,5.52
731766,2000,3,UNH,9.77,5369.0,182.0,1.08,5.75
731766,2001,1,UNH,11.73,5680.0,212.0,0.67,6.4
731766,2001,2,UNH,12.23,5813.0,223.0,0.68,6.6
731766,2001,3,UNH,13.17,5941.0,231.0,0.71,6.7
731766,2002,1,UNH,15.14,6013.0,295.0,0.92,8.0
731766,2002,2,UNH,18.13,6078.0,325.0,1.07,8.6
731766,2002,3,UNH,17.28,6247.0,353.0,1.17,9.2
731766,2003,1,UNH,18.16,6975.0,403.0,1.35,9.4
731766,2003,2,UNH,19.91,7087.0,439.0,0.74,10.0
731766,2003,3,UNH,19.94,7238.0,476.0,0.81,10.5
731766,2004,1,UNH,25.55,8144.0,554.0,0.92,10.8
731766,2004,2,UNH,24.68,8704.0,596.0,0.98,10.9
731766,2004,3,UNH,29.24,9859.0,698.0,1.09,11.1
731766,2005,1,UNH,37.83,10887.0,779.0,1.22,11.5
731766,2005,2,UNH,41.36,11111.0,809.0,0.61,11.8
731766,2005,3,UNH,44.58,11322.0,842.0,0.67,12.2
731766,2006,1,UNH,44.33,17586.0,899.0,0.66,8.4
731766,2006,3,UNH,39.05,17970.0,1112.0,0.83,10.36
731766,2007,1,UNH,42.06,19047.0,927.0,0.69,8.31
731766,2007,2,UNH,40.61,19000.0,1228.0,0.93,10.92
731766,2007,3,UNH,38.46,18679.0,1283.0,0.98,11.55
731766,2008,1,UNH,27.31,20304.0,994.0,0.8,8.44
731766,2008,2,UNH,20.86,20272.0,337.0,0.28,3.32
731766,2008,3,UNH,20.18,20156.0,920.0,0.76,7.92
731766,2009,1,UNH,16.66,22004.0,984.0,0.82,7.58
731766,2009,2,UNH,19.88,21655.0,859.0,0.73,6.65
731766,2009,3,UNH,19.93,21695.0,1035.0,0.9,7.73
731766,2010,1,UNH,26.0,23193.0,1191.0,1.04,8.69
731766,2010,2,UNH,22.72,23264.0,1123.0,1.0,8.17
731766,2010,3,UNH,28.19,23668.0,1277.0,1.15,9.06
731766,2011,1,UNH,36.52,25432.0,1346.0,1.24,8.73
731766,2011,2,UNH,41.81,25234.0,1267.0,1.18,8.32
731766,2011,3,UNH,37.51,25280.0,1271.0,1.19,8.19
731766,2012,1,UNH,48.25,27282.0,1388.0,1.34,8.49
731766,2012,2,UNH,48.06,27265.0,1337.0,1.3,8.17
731766,2012,3,UNH,45.71,27302.0,1557.0,1.5,9.56
731766,2013,1,UNH,47.57,30340.0,1192.0,1.17,7.05
731766,2013,2,UNH,54.68,30408.0,1436.0,1.42,7.89
731766,2013,3,UNH,60.03,30624.0,1570.0,1.56,8.59
731766,2014,1,UNH,69.24,31708.0,1099.0,1.12,6.48
731766,2014,2,UNH,69.36,32574.0,1408.0,1.44,7.83
731766,2014,3,UNH,73.49,32759.0,1602.0,1.65,8.87
731766,2015,1,UNH,101.51,35756.0,1413.0,1.46,7.4
731766,2015,2,UNH,105.13,36263.0,1585.0,1.66,8.0
731766,2015,3,UNH,100.4,41489.0,1618.0,1.65,7.3
731766,2016,1,UNH,112.5,44527.0,1611.0,1.67,6.6
731766,2016,2,UNH,123.8,46485.0,1754.0,1.84,6.9
731766,2016,3,UNH,123.32,46293.0,1968.0,2.07,7.73
731766,2017,1,UNH,145.58,48723.0,2172.0,2.23,7.0
731766,2017,2,UNH,165.26,50053.0,2284.0,2.37,7.5
731766,2017,3,UNH,175.22,50322.0,2485.0,2.51,8.1
731766,2018,1,UNH,192.74,55188.0,2836.0,2.94,7.3
731766,2018,2,UNH,221.75,56086.0,2922.0,3.04,7.5
731766,2018,3,UNH,241.27,56556.0,3188.0,3.31,8.1
731766,2019,1,UNH,225.82,60308.0,3467.0,3.56,8.0
731766,2019,2,UNH,223.84,60595.0,3293.0,3.47,7.8
731766,2019,3,UNH,200.29,60351.0,3538.0,3.73,8.3
731766,2020,1,UNH,231.72,64421.0,3382.0,3.52,7.8
731766,2020,2,UNH,275.25,62138.0,6637.0,6.91,14.9
731766,2020,3,UNH,292.14,65115.0,3172.0,3.34,7.1
731766,2021,1,UNH,351.14,70196.0,4862.0,5.08,9.6
731766,2021,2,UNH,379.3,71321.0,4266.0,4.52,8.4
731766,2021,3,UNH,371.41,72337.0,4086.0,4.33,7.9
731766,2022,1,UNH,487.77,80149.0,5027.0,5.27,8.7
731766,2022,2,UNH,493.02,80332.0,5070.0,5.41,8.9
731766,2022,3,UNH,486.3,80894.0,5262.0,5.63,9.2
731766,2023,1,UNH,458.08,91931.0,5611.0,5.95,8.8
731766,2023,2,UNH,467.79,92903.0,5474.0,5.89,8.7
731766,2023,3,UNH,492.62,92361.0,5841.0,6.31,9.2
731766,2024,1,UNH,486.91,99796.0,-1409.0,-1.53,7.9
731766,2024,2,UNH,503.37,98855.0,4216.0,4.58,8.0
731766,2024,3,UNH,579.97,100820.0,6055.0,6.56,8.6
1403161,2008,1,V,13.84,1453.0,314.0,0.39,24.01
1403161,2008,3,V,13.64,1613.0,422.0,0.51,40.17
1403161,2008,4,V,11.68,1739.0,574.0,0.55,55.57
1403161,2009,1,V,12.4,1647.0,536.0,0.71,53.5
1403161,2009,2,V,13.91,1646.0,729.0,0.97,49.94
1403161,2009,4,V,19.6,1960.0,763.0,1.03,62.19
1403161,2010,1,V,20.43,1959.0,713.0,0.97,57.31
1403161,2010,2,V,15.9,2029.0,716.0,0.97,56.04
1403161,2010,4,V,15.88,2238.0,884.0,1.23,61.02
1403161,2011,1,V,16.64,2245.0,881.0,1.24,61.6
1403161,2011,2,V,19.08,2322.0,1005.0,1.43,57.9
1403161,2011,4,V,23.09,2547.0,1029.0,1.5,63.55
1403161,2012,1,V,26.88,2578.0,1292.0,1.92,62.27
1403161,2012,2,V,28.22,2565.0,-1839.0,-2.74,-101.66
1403161,2012,4,V,34.74,2846.0,1293.0,1.94,63.21
1403161,2013,1,V,39.0,2958.0,1270.0,1.93,62.89
1403161,2013,2,V,42.05,3001.0,1225.0,1.89,60.91
1403161,2013,4,V,51.43,3155.0,1407.0,2.21,65.8
1403161,2014,1,V,49.95,3163.0,1598.0,2.53,64.78
1403161,2014,2,V,48.85,3155.0,1360.0,2.17,64.03
1403161,2015,1,V,61.0,3382.0,1569.0,2.53,66.17
1403161,2015,2,V,62.73,3518.0,1697.0,0.69,64.28
1403161,2015,4,V,72.69,3565.0,1941.0,0.8,67.17
1403161,2016,1,V,71.83,3626.0,1707.0,0.71,67.1
1403161,2016,2,V,69.79,3630.0,412.0,0.17,11.79
1403161,2017,1,V,84.1,4461.0,2070.0,0.86,69.46
1403161,2017,2,V,88.9,4565.0,2059.0,0.87,66.23
1403161,2017,4,V,108.45,4862.0,2522.0,1.07,68.38
1403161,2018,1,V,113.98,5073.0,2605.0,1.12,65.77
1403161,2018,2,V,126.41,5240.0,2329.0,1.0,55.06
1403161,2018,4,V,126.34,5506.0,2977.0,1.3,67.5
1403161,2019,1,V,149.82,5494.0,2977.0,1.31,66.27
1403161,2019,2,V,166.73,5840.0,3101.0,1.37,66.92
1403161,2019,4,V,181.07,6054.0,3272.0,1.46,66.33
1403161,2020,1,V,155.49,5854.0,3084.0,1.39,67.06
1403161,2020,2,V,186.73,4837.0,2373.0,1.07,61.98
1403161,2020,4,V,212.08,5687.0,3126.0,1.42,67.59
1403161,2021,1,V,205.61,5729.0,3026.0,1.38,62.53
1403161,2021,2,V,227.4,6130.0,2575.0,1.18,66.28
1403161,2021,4,V,211.41,7059.0,3959.0,1.83,67.64
1403161,2022,1,V,216.7,7189.0,3647.0,1.7,66.79
1403161,2022,2,V,192.76,7275.0,3411.0,1.6,57.0
1403161,2022,4,V,204.22,7936.0,4179.0,1.99,64.17
1403161,2023,1,V,222.05,7985.0,4257.0,2.04,66.79
1403161,2023,2,V,234.34,8123.0,4156.0,2.0,61.84
1403161,2023,4,V,257.94,8634.0,4890.0,2.39,69.0
1403161,2024,1,V,277.01,8775.0,4663.0,2.29,61.0
1403161,2024,2,V,261.01,8900.0,4872.0,2.4,66.67
1403161,2025,1,V,350.46,9510.0,5119.0,2.58,65.5
34088,2001,2,XOM,20.41,56184.0,4460.0,0.66,12.24
34088,2001,3,XOM,18.52,52113.0,3180.0,0.46,10.06
34088,2002,1,XOM,20.84,43531.0,2090.0,0.3,7.72
34088,2002,2,XOM,19.57,50909.0,2640.0,0.4,8.43
34088,2002,3,XOM,15.36,54182.0,2640.0,0.39,8.3
34088,2003,1,XOM,17.05,63780.0,7040.0,1.05,10.17
34088,2003,2,XOM,17.64,57165.0,4170.0,0.63,7.3
34088,2003,3,XOM,18.11,59841.0,3650.0,0.55,9.97
34088,2004,1,XOM,20.85,67602.0,5440.0,0.83,13.25
34088,2004,2,XOM,22.41,70693.0,5790.0,0.89,13.41
34088,2004,3,XOM,24.53,76375.0,5680.0,0.88,12.48
34088,2005,1,XOM,30.56,82051.0,7860.0,1.23,15.73
34088,2005,3,XOM,32.91,100717.0,9920.0,1.6,15.93
34088,2006,1,XOM,31.85,88980.0,8400.0,1.38,17.36
34088,2006,2,XOM,32.27,99034.0,10360.0,1.74,18.38
34088,2006,3,XOM,35.46,99593.0,10490.0,1.79,18.53
34088,2007,1,XOM,40.21,87223.0,9280.0,1.62,15.58
34088,2007,2,XOM,44.9,98350.0,10260.0,1.85,18.23
34088,2008,1,XOM,45.83,116854.0,10890.0,2.05,17.29
34088,2008,2,XOM,47.96,138072.0,11680.0,2.25,16.09
34088,2008,3,XOM,42.48,137737.0,14830.0,2.89,18.98
34088,2009,1,XOM,37.66,64028.0,4550.0,0.92,12.25
34088,2009,2,XOM,38.89,74457.0,3950.0,0.82,10.09
34088,2009,3,XOM,38.4,82260.0,4730.0,0.98,11.19
34088,2010,1,XOM,37.95,90251.0,6300.0,1.33,13.43
34088,2010,2,XOM,32.55,92486.0,7560.0,1.61,13.73
34088,2010,3,XOM,35.5,95298.0,7350.0,1.44,13.55
34088,2011,1,XOM,48.89,114004.0,10650.0,2.14,16.59
34088,2011,2,XOM,47.56,125486.0,10680.0,2.19,14.83
34088,2011,3,XOM,42.73,125330.0,10330.0,2.13,15.0
34088,2012,1,XOM,51.61,124053.0,9450.0,2.0,14.12
34088,2012,2,XOM,51.27,127363.0,15910.0,3.41,20.57
34088,2012,3,XOM,55.15,115706.0,9570.0,2.09,14.97
34088,2013,1,XOM,55.03,108807.0,9500.0,2.12,14.75
34088,2013,2,XOM,55.56,106469.0,6860.0,1.55,12.0
34088,2014,1,XOM,61.32,106773.0,9100.0,2.1,14.26
34088,2014,2,XOM,63.64,111647.0,8780.0,2.05,12.67
34088,2014,3,XOM,59.86,107490.0,8070.0,1.89,12.47
34088,2015,1,XOM,54.9,67618.0,4940.0,1.17,9.94
34088,2015,2,XOM,54.18,74113.0,4190.0,1.0,9.5
34088,2015,3,XOM,48.87,67344.0,4240.0,1.01,8.54
34088,2016,2,XOM,63.25,57694.0,1700.0,0.41,4.15
34088,2016,3,XOM,59.39,58677.0,2650.0,0.63,5.5
34088,2017,1,XOM,56.81,63287.0,4010.0,0.95,6.09
34088,2017,2,XOM,56.45,60825.0,3350.0,0.78,6.83
34088,2017,3,XOM,57.88,66165.0,3970.0,0.93,8.44
34088,2018,1,XOM,53.71,68211.0,4650.0,1.09,7.13
34088,2018,2,XOM,60.16,73501.0,3950.0,0.92,9.06
34088,2018,3,XOM,62.46,76605.0,6240.0,1.46,11.85
34088,2019,1,XOM,60.63,63625.0,2350.0,0.55,6.74
34088,2019,3,XOM,54.26,65049.0,3170.0,0.75,7.81
34088,2020,1,XOM,29.95,56158.0,-610.0,-0.14,-0.46
34088,2020,2,XOM,35.96,32605.0,-1080.0,-0.26,-5.03
34088,2020,3,XOM,28.15,46199.0,-680.0,-0.15,-0.8
34088,2021,1,XOM,47.68,59147.0,2730.0,0.64,6.51
34088,2021,2,XOM,54.66,67742.0,4690.0,1.1,9.32
34088,2021,3,XOM,51.74,73786.0,6750.0,1.57,13.02
34088,2022,1,XOM,74.44,90500.0,5480.0,1.28,9.45
34088,2022,2,XOM,77.98,115681.0,17850.0,4.21,21.52
34088,2022,3,XOM,80.27,112070.0,19660.0,4.68,22.69
34088,2023,1,XOM,102.41,86644.0,11430.0,2.79,19.41
34088,2023,2,XOM,101.03,82914.0,7880.0,1.94,14.04
34088,2023,3,XOM,111.67,90760.0,9070.0,2.25,15.1
34088,2024,1,XOM,112.44,83083.0,8220.0,2.06,14.88
34088,2024,2,XOM,112.27,93060.0,9240.0,2.14,14.68
34088,2024,3,XOM,115.23,90016.0,8610.0,1.92,14.47
